Rank,Player,Team,Positions,Yahoo,CBS,RTS,NFBC,FT,ESPN,AVG,stat_season,stat_player_id,stat_name,stat_type,stat_1,stat_2,stat_3,stat_4,stat_5,stat_6,stat_7,stat_8,stat_9
1.0,Shohei Ohtani,LAD,"SP,DH",,1.0,1.0,1.0,1.0,1.0,1.0,2025.0,660271.0,Shohei Ohtani,pitching,23.0,3.47,1.11,6.4,12.34,0.0,0.0,0.0,688.0
2.0,Aaron Judge,NYY,"LF,CF,RF,DH",1.0,2.0,2.0,2.0,2.0,2.0,2.0,2025.0,592450.0,Aaron Judge,batting,412.0,96.0,39.0,283.0,91.0,0.333,0.447,7.0,11.0
3.0,Shohei Ohtani (Batter),LAD,DH,2.0,,,,,,2.0,2025.0,660271.0,Shohei Ohtani,batting,474.0,118.0,43.0,295.0,80.0,0.283,0.391,17.0,17.5
4.0,Bobby Witt Jr.,KC,SS,3.0,3.0,4.0,3.0,4.0,5.0,3.4,2025.0,677951.0,Bobby Witt Jr.,batting,479.0,77.0,17.0,236.0,67.0,0.29,0.348,32.0,129.0
5.0,Juan Soto,NYM,"LF,RF",4.0,4.0,3.0,4.0,3.0,3.0,3.6,2025.0,665742.0,Juan Soto,batting,434.0,87.0,30.0,215.0,71.0,0.251,0.385,20.0,65.5
6.0,Jose Ramirez,CLE,"3B,DH",7.0,5.0,5.0,5.0,5.0,7.0,5.4,,,,,,,,,,,,,
7.0,Tarik Skubal,DET,SP,5.0,8.0,7.0,7.0,6.0,6.0,6.8,2025.0,669373.0,Tarik Skubal,pitching,152.0,2.42,0.87,8.26,11.23,11.0,15.0,0.0,864.0
8.0,Ronald Acuna Jr.,ATL,RF,9.0,6.0,6.0,6.0,7.0,9.0,6.8,2025.0,660670.0,Ronald Acuña Jr.,batting,208.0,50.0,14.0,117.0,26.0,0.303,0.425,4.0,560.0
9.0,Elly De La Cruz,CIN,SS,6.0,7.0,8.0,8.0,9.0,29.0,7.6,2025.0,682829.0,Elly De La Cruz,batting,483.0,86.0,19.0,221.0,76.0,0.275,0.35,31.0,96.0
10.0,Paul Skenes,PIT,SP,8.0,11.0,9.0,10.0,8.0,4.0,9.2,2025.0,694973.0,Paul Skenes,pitching,148.0,2.13,0.96,4.61,10.09,7.0,15.0,0.0,900.0
11.0,Julio Rodriguez,SEA,CF,10.0,9.0,10.0,9.0,10.0,20.0,9.6,2025.0,677594.0,Julio Rodríguez,batting,514.0,81.0,24.0,235.0,69.0,0.259,0.314,23.0,75.5
12.0,Kyle Tucker,LAD,"RF,DH",11.0,10.0,13.0,15.0,13.0,10.0,11.4,2025.0,663656.0,Kyle Tucker,batting,441.0,79.0,18.0,199.0,62.0,0.263,0.376,25.0,169.5
13.0,Garrett Crochet,BOS,SP,12.0,13.0,12.0,12.0,11.0,8.0,12.0,2025.0,676979.0,Garrett Crochet,pitching,159.0,2.43,1.07,4.78,11.07,13.0,16.0,0.0,763.0
14.0,Cal Raleigh,SEA,"C,DH",13.0,15.0,15.0,17.0,12.0,11.0,13.2,2025.0,663728.0,Cal Raleigh,batting,457.0,82.0,47.0,274.0,102.0,0.252,0.359,14.0,5.5
15.0,Fernando Tatis Jr.,SD,RF,18.0,12.0,14.0,13.0,15.0,12.0,13.2,2025.0,665487.0,Fernando Tatis Jr.,batting,462.0,84.0,17.0,201.0,50.0,0.266,0.37,24.0,229.0
16.0,Gunnar Henderson,BAL,SS,14.0,14.0,16.0,14.0,18.0,21.0,15.2,2025.0,683002.0,Gunnar Henderson,batting,437.0,67.0,14.0,201.0,55.0,0.279,0.35,16.0,240.0
17.0,Corbin Carroll,ARI,"CF,RF",19.0,17.0,11.0,11.0,16.0,16.0,15.8,2025.0,682998.0,Corbin Carroll,batting,435.0,82.0,27.0,240.0,64.0,0.251,0.326,16.0,75.5
18.0,Junior Caminero,TB,3B,15.0,16.0,17.0,16.0,17.0,17.0,16.6,2025.0,691406.0,Junior Caminero,batting,466.0,72.0,35.0,246.0,85.0,0.258,0.298,5.0,21.5
19.0,Vladimir Guerrero Jr.,TOR,"1B,DH",17.0,18.0,18.0,18.0,20.0,15.0,18.2,2025.0,665489.0,Vladimir Guerrero Jr.,batting,464.0,83.0,21.0,232.0,68.0,0.3,0.398,5.0,96.0
20.0,Nick Kurtz,ATH,1B,20.0,19.0,19.0,19.0,19.0,54.0,19.2,2025.0,701762.0,Nick Kurtz,batting,304.0,61.0,25.0,193.0,66.0,0.306,0.39,2.0,121.0
21.0,Kyle Schwarber,PHI,"LF,DH",16.0,21.0,21.0,23.0,14.0,18.0,19.8,2025.0,656941.0,Kyle Schwarber,batting,460.0,85.0,43.0,264.0,102.0,0.248,0.371,10.0,8.0
22.0,Jazz Chisholm Jr.,NYY,"2B,3B",23.0,20.0,23.0,21.0,21.0,47.0,21.6,2025.0,665862.0,Jazz Chisholm Jr.,batting,331.0,55.0,21.0,156.0,57.0,0.236,0.333,21.0,244.0
23.0,Jackson Chourio,MIL,"LF,CF,RF",22.0,22.0,22.0,20.0,22.0,35.0,21.6,2025.0,694192.0,Jackson Chourio,batting,445.0,71.0,17.0,210.0,67.0,0.274,0.309,18.0,150.0
24.0,Francisco Lindor,NYM,SS,25.0,25.0,20.0,22.0,32.0,26.0,23.6,2025.0,596019.0,Francisco Lindor,batting,495.0,82.0,24.0,225.0,71.0,0.259,0.327,20.0,75.5
25.0,Pete Alonso,BAL,1B,21.0,28.0,26.0,24.0,24.0,49.0,24.6,2025.0,624413.0,Pete Alonso,batting,466.0,64.0,28.0,242.0,100.0,0.268,0.352,1.0,20.0
26.0,Yoshinobu Yamamoto,LAD,SP,24.0,26.0,25.0,26.0,23.0,13.0,24.8,2025.0,808967.0,Yoshinobu Yamamoto,pitching,127.0,2.7,1.08,3.3,10.3,10.0,12.0,0.0,790.0
27.0,Ketel Marte,ARI,"2B,DH",27.0,24.0,27.0,31.0,25.0,14.0,26.8,2025.0,606466.0,Ketel Marte,batting,344.0,69.0,23.0,191.0,56.0,0.297,0.397,3.0,167.5
28.0,Cristopher Sanchez,PHI,SP,26.0,31.0,24.0,27.0,27.0,19.0,27.0,2025.0,650911.0,Cristopher Sánchez,pitching,151.0,2.39,1.08,4.36,9.38,11.0,17.0,0.0,888.0
29.0,Trea Turner,PHI,SS,28.0,23.0,29.0,25.0,30.0,68.0,27.0,2025.0,607208.0,Trea Turner,batting,505.0,81.0,12.0,218.0,52.0,0.291,0.348,28.0,261.0
30.0,Pete Crow-Armstrong,CHC,CF,35.0,27.0,31.0,29.0,29.0,45.0,30.2,2025.0,691718.0,Pete Crow-Armstrong,batting,464.0,76.0,27.0,242.0,79.0,0.261,0.3,30.0,36.5
31.0,Manny Machado,SD,3B,30.0,30.0,32.0,32.0,28.0,24.0,30.4,2025.0,592518.0,Manny Machado,batting,478.0,71.0,20.0,229.0,72.0,0.291,0.353,11.0,89.5
32.0,Yordan Alvarez,HOU,"LF,DH",36.0,29.0,28.0,33.0,33.0,30.0,30.6,2025.0,670541.0,Yordan Alvarez,batting,100.0,7.0,3.0,34.0,18.0,0.21,0.306,1.0,1054.0
33.0,James Wood,WSH,"LF,DH",40.0,32.0,34.0,30.0,26.0,79.0,32.4,2025.0,695578.0,James Wood,batting,461.0,70.0,25.0,221.0,80.0,0.258,0.355,15.0,56.5
34.0,Zach Neto,LAA,SS,29.0,34.0,35.0,28.0,40.0,143.0,33.2,2025.0,687263.0,Zach Neto,batting,419.0,74.0,21.0,202.0,54.0,0.267,0.325,21.0,175.0
35.0,Hunter Brown,HOU,SP,37.0,40.0,30.0,36.0,34.0,28.0,35.4,2025.0,686613.0,Hunter Brown,pitching,143.0,2.45,1.0,3.81,10.32,10.0,15.0,0.0,852.0
36.0,Bryan Woo,SEA,SP,34.0,35.0,33.0,38.0,41.0,25.0,36.2,2025.0,693433.0,Bryan Woo,pitching,152.0,2.9,0.96,5.46,9.06,10.0,18.0,0.0,1005.0
37.0,Matt Olson,ATL,1B,32.0,37.0,36.0,45.0,31.0,52.0,36.2,2025.0,621566.0,Matt Olson,batting,474.0,69.0,19.0,213.0,72.0,0.264,0.364,1.0,112.0
38.0,Bryce Harper,PHI,1B,31.0,36.0,43.0,42.0,35.0,65.0,37.4,2025.0,547180.0,Bryce Harper,batting,364.0,54.0,19.0,179.0,55.0,0.258,0.355,10.0,216.5
39.0,Logan Gilbert,SEA,SP,41.0,38.0,39.0,37.0,42.0,22.0,39.4,2025.0,669302.0,Logan Gilbert,pitching,90.0,3.31,0.98,5.39,12.45,3.0,4.0,0.0,782.0
40.0,Chris Sale,ATL,SP,39.0,41.0,37.0,39.0,43.0,33.0,39.8,2025.0,519242.0,Chris Sale,pitching,89.0,2.52,1.16,4.38,11.48,5.0,8.0,0.0,672.0
41.0,Rafael Devers,SF,"1B,DH",43.0,33.0,42.0,52.0,36.0,76.0,41.2,2025.0,646240.0,Rafael Devers,batting,467.0,69.0,23.0,217.0,81.0,0.257,0.377,1.0,68.0
42.0,Brent Rooker,ATH,"LF,RF,DH",33.0,46.0,40.0,43.0,39.0,38.0,41.2,2025.0,667670.0,Brent Rooker,batting,491.0,80.0,25.0,246.0,72.0,0.275,0.349,5.0,51.5
43.0,Mason Miller,SD,RP,47.0,48.0,48.0,34.0,71.0,34.0,42.2,2025.0,695243.0,Mason Miller,pitching,45.0,3.63,1.03,3.65,14.71,1.0,0.0,24.0,719.0
44.0,Edwin Diaz,LAD,RP,50.0,52.0,47.0,35.0,76.0,40.0,44.8,2025.0,621242.0,Edwin Díaz,pitching,48.0,1.69,0.92,4.12,13.13,5.0,0.0,24.0,790.0
45.0,Brice Turang,MIL,2B,51.0,39.0,45.0,53.0,38.0,63.0,45.2,2025.0,668930.0,Brice Turang,batting,442.0,73.0,12.0,182.0,58.0,0.278,0.344,21.0,277.0
46.0,Max Fried,NYY,SP,44.0,43.0,38.0,56.0,46.0,27.0,45.4,2025.0,608331.0,Max Fried,pitching,149.0,3.26,1.12,3.81,8.52,13.0,14.0,0.0,987.0
47.0,Mookie Betts,LAD,SS,38.0,42.0,51.0,51.0,47.0,36.0,45.8,2025.0,605141.0,Mookie Betts,batting,447.0,75.0,13.0,166.0,57.0,0.242,0.312,8.0,300.5
48.0,Wyatt Langford,TEX,"LF,CF",55.0,45.0,44.0,41.0,44.0,84.0,45.8,2025.0,694671.0,Wyatt Langford,batting,388.0,51.0,17.0,163.0,50.0,0.242,0.328,16.0,296.5
49.0,Logan Webb,SF,SP,42.0,50.0,41.0,58.0,45.0,23.0,47.2,2025.0,657277.0,Logan Webb,pitching,161.0,3.19,1.22,5.0,9.8,11.0,17.0,0.0,726.0
50.0,Cole Ragans,KC,SP,49.0,49.0,52.0,55.0,48.0,46.0,48.8,2025.0,666142.0,Cole Ragans,pitching,49.0,5.18,1.29,4.75,14.05,2.0,2.0,0.0,481.0
51.0,Jacob deGrom,TEX,SP,52.0,51.0,46.0,49.0,51.0,41.0,49.8,2025.0,594798.0,Jacob deGrom,pitching,140.0,2.76,0.93,4.93,9.49,10.0,13.0,0.0,975.0
52.0,Roman Anthony,BOS,"LF,CF,RF",45.0,47.0,54.0,54.0,37.0,51.0,50.2,2025.0,701350.0,Roman Anthony,batting,196.0,37.0,4.0,85.0,23.0,0.276,0.398,4.0,837.0
53.0,Freddie Freeman,LAD,1B,48.0,44.0,50.0,61.0,50.0,72.0,50.6,2025.0,518692.0,Freddie Freeman,batting,416.0,59.0,15.0,201.0,69.0,0.3,0.372,3.0,180.0
54.0,Cody Bellinger,NYY,"LF,CF,RF",54.0,54.0,60.0,75.0,65.0,42.0,55.0,2025.0,641355.0,Cody Bellinger,batting,443.0,66.0,22.0,214.0,72.0,0.266,0.32,10.0,91.5
55.0,William Contreras,MIL,"C,DH",57.0,60.0,55.0,48.0,57.0,31.0,55.4,2025.0,661388.0,William Contreras,batting,441.0,69.0,13.0,177.0,61.0,0.263,0.361,6.0,266.0
56.0,Freddy Peralta,NYM,SP,58.0,63.0,49.0,59.0,52.0,37.0,56.2,2025.0,642547.0,Freddy Peralta,pitching,137.0,2.9,1.12,2.96,9.75,14.0,10.0,0.0,826.0
57.0,Andres Munoz,SEA,RP,66.0,64.0,56.0,40.0,84.0,57.0,56.6,,,,,,,,,,,,,
58.0,Josh Naylor,SEA,"1B,DH",61.0,53.0,57.0,60.0,54.0,82.0,57.0,2025.0,647304.0,Josh Naylor,batting,423.0,60.0,15.0,190.0,69.0,0.286,0.352,22.0,195.5
59.0,Austin Riley,ATL,3B,59.0,57.0,53.0,63.0,53.0,69.0,57.0,2025.0,663586.0,Austin Riley,batting,416.0,54.0,16.0,178.0,54.0,0.26,0.309,2.0,256.5
60.0,Jarren Duran,BOS,"LF,CF",46.0,69.0,63.0,67.0,55.0,50.0,60.8,2025.0,680776.0,Jarren Duran,batting,487.0,71.0,12.0,221.0,66.0,0.263,0.338,20.0,204.0
61.0,Jackson Merrill,SD,CF,53.0,56.0,74.0,66.0,66.0,64.0,61.0,2025.0,701538.0,Jackson Merrill,batting,349.0,42.0,9.0,144.0,51.0,0.261,0.317,1.0,441.0
62.0,Geraldo Perdomo,ARI,SS,60.0,59.0,73.0,74.0,56.0,60.0,61.6,2025.0,672695.0,Geraldo Perdomo,batting,455.0,74.0,13.0,199.0,79.0,0.286,0.388,21.0,186.5
63.0,Jhoan Duran,PHI,RP,72.0,68.0,65.0,44.0,90.0,61.0,62.0,2025.0,661395.0,Jhoan Duran,pitching,54.0,1.83,1.11,3.17,9.5,6.0,0.0,22.0,858.0
64.0,Riley Greene,DET,"LF,CF,RF,DH",56.0,66.0,59.0,70.0,60.0,102.0,62.2,2025.0,682985.0,Riley Greene,batting,471.0,64.0,28.0,237.0,90.0,0.265,0.314,1.0,28.0
65.0,Cade Smith,CLE,RP,74.0,74.0,66.0,46.0,93.0,56.0,63.2,2025.0,671922.0,Cade Smith,pitching,55.0,2.62,1.07,4.11,12.11,5.0,0.0,25.0,721.0
66.0,Maikel Garcia,KC,"2B,3B,SS,OF",68.0,67.0,58.0,69.0,61.0,81.0,64.6,2025.0,672580.0,Maikel Garcia,batting,453.0,58.0,11.0,211.0,55.0,0.3,0.362,22.0,267.5
67.0,George Kirby,SEA,SP,63.0,65.0,61.0,68.0,68.0,53.0,65.0,2025.0,669923.0,George Kirby,pitching,90.0,4.22,1.18,4.09,9.43,8.0,8.0,0.0,803.0
68.0,Ben Rice,NYY,"C,1B,DH",75.0,61.0,62.0,47.0,72.0,58.0,65.6,2025.0,700250.0,Ben Rice,batting,343.0,53.0,18.0,161.0,45.0,0.239,0.334,3.0,325.5
69.0,Dylan Cease,TOR,SP,69.0,81.0,67.0,78.0,63.0,59.0,67.2,2025.0,656302.0,Dylan Cease,pitching,133.0,4.61,1.31,3.05,11.6,5.0,7.0,0.0,523.0
70.0,CJ Abrams,WSH,SS,86.0,55.0,72.0,57.0,70.0,133.0,68.0,2025.0,682928.0,CJ Abrams,batting,441.0,75.0,16.0,204.0,49.0,0.27,0.332,26.0,244.0
71.0,Shea Langeliers,ATH,C,64.0,73.0,68.0,50.0,67.0,73.0,69.0,2025.0,669127.0,Shea Langeliers,batting,359.0,55.0,26.0,195.0,56.0,0.267,0.315,5.0,147.5
72.0,Byron Buxton,MIN,CF,90.0,58.0,78.0,72.0,59.0,103.0,71.4,2025.0,621439.0,Byron Buxton,batting,354.0,73.0,25.0,197.0,61.0,0.28,0.34,18.0,133.0
73.0,Hunter Goodman,COL,"C,DH",78.0,62.0,75.0,62.0,86.0,118.0,72.6,2025.0,696100.0,Hunter Goodman,batting,408.0,59.0,25.0,217.0,69.0,0.277,0.327,1.0,82.0
74.0,Joe Ryan,MIN,SP,65.0,75.0,71.0,73.0,85.0,43.0,73.8,2025.0,657746.0,Joe Ryan,pitching,139.0,2.72,0.92,5.67,9.91,12.0,13.0,0.0,928.0
75.0,George Springer,TOR,"LF,CF,RF,DH",85.0,71.0,69.0,90.0,78.0,67.0,74.0,2025.0,543807.0,George Springer,batting,352.0,68.0,19.0,179.0,59.0,0.29,0.382,12.0,199.5
76.0,Framber Valdez,DET,SP,71.0,76.0,70.0,85.0,69.0,39.0,74.2,2025.0,664285.0,Framber Valdez,pitching,152.0,3.01,1.18,3.02,8.92,11.0,17.0,0.0,883.0
77.0,Jesus Luzardo,PHI,SP,80.0,77.0,77.0,79.0,58.0,44.0,74.2,2025.0,666200.0,Jesús Luzardo,pitching,139.0,4.21,1.34,3.29,10.23,11.0,14.0,0.0,556.0
78.0,Vinnie Pasquantino,KC,"1B,DH",79.0,78.0,80.0,77.0,64.0,75.0,77.8,2025.0,686469.0,Vinnie Pasquantino,batting,471.0,48.0,22.0,209.0,80.0,0.257,0.317,1.0,84.0
79.0,Kyle Bradish,BAL,SP,76.0,84.0,79.0,80.0,79.0,87.0,79.6,,,,,,,,,,,,,
80.0,Tyler Soderstrom,ATH,"1B,LF",81.0,82.0,87.0,82.0,81.0,107.0,82.6,2025.0,691016.0,Tyler Soderstrom,batting,447.0,61.0,22.0,208.0,73.0,0.262,0.335,6.0,95.0
81.0,Randy Arozarena,SEA,"LF,CF",73.0,86.0,82.0,83.0,49.0,96.0,84.0,2025.0,668227.0,Randy Arozarena,batting,462.0,73.0,23.0,208.0,58.0,0.245,0.345,24.0,139.0
82.0,Aroldis Chapman,BOS,RP,100.0,90.0,88.0,65.0,116.0,77.0,84.0,2025.0,547973.0,Aroldis Chapman,pitching,47.0,1.15,0.72,5.08,12.64,4.0,0.0,26.0,835.0
83.0,David Bednar,NYY,RP,93.0,89.0,90.0,64.0,123.0,86.0,84.4,2025.0,670280.0,David Bednar,pitching,46.0,2.33,1.08,5.0,12.63,3.0,0.0,24.0,704.0
84.0,Oneil Cruz,PIT,CF,83.0,83.0,93.0,93.0,73.0,129.0,85.0,2025.0,665833.0,Oneil Cruz,batting,392.0,58.0,18.0,156.0,51.0,0.207,0.304,34.0,298.0
85.0,Corey Seager,TEX,SS,67.0,70.0,91.0,92.0,80.0,94.0,85.4,2025.0,608369.0,Corey Seager,batting,345.0,52.0,18.0,159.0,44.0,0.255,0.359,3.0,334.5
86.0,Eugenio Suarez,CIN,3B,84.0,72.0,85.0,100.0,62.0,93.0,86.8,2025.0,553993.0,Eugenio Suárez,batting,447.0,72.0,38.0,240.0,94.0,0.235,0.305,3.0,19.0
87.0,Bo Bichette,NYM,SS,70.0,79.0,76.0,91.0,91.0,98.0,87.0,2025.0,666182.0,Bo Bichette,batting,515.0,64.0,16.0,240.0,81.0,0.297,0.339,4.0,107.5
88.0,Shohei Ohtani (Pitcher),LAD,SP,87.0,,,,,,87.0,2025.0,660271.0,Shohei Ohtani,pitching,23.0,3.47,1.11,6.4,12.34,0.0,0.0,0.0,688.0
89.0,Seiya Suzuki,CHC,"LF,RF,DH",94.0,88.0,81.0,86.0,75.0,92.0,88.2,2025.0,673548.0,Seiya Suzuki,batting,457.0,62.0,27.0,228.0,86.0,0.249,0.32,3.0,38.5
90.0,Alex Bregman,CHC,3B,77.0,80.0,103.0,109.0,74.0,32.0,88.6,2025.0,608324.0,Alex Bregman,batting,295.0,48.0,16.0,161.0,52.0,0.305,0.387,1.0,308.0
91.0,Nick Pivetta,SD,SP,82.0,97.0,89.0,96.0,83.0,62.0,89.4,2025.0,601713.0,Nick Pivetta,pitching,141.0,2.87,0.95,4.0,9.17,12.0,15.0,0.0,999.0
92.0,Christian Yelich,MIL,"LF,DH",101.0,85.0,95.0,114.0,82.0,85.0,89.6,2025.0,592885.0,Christian Yelich,batting,445.0,71.0,25.0,208.0,86.0,0.267,0.345,15.0,66.5
93.0,Devin Williams,NYM,RP,104.0,95.0,94.0,71.0,138.0,90.0,90.8,2025.0,642207.0,Devin Williams,pitching,47.0,5.32,1.16,3.2,12.17,3.0,0.0,25.0,649.0
94.0,Nico Hoerner,CHC,2B,97.0,91.0,84.0,98.0,87.0,48.0,91.4,2025.0,663538.0,Nico Hoerner,batting,451.0,60.0,4.0,170.0,48.0,0.293,0.342,22.0,526.5
95.0,Nolan McLean,NYM,SP,89.0,92.0,86.0,99.0,101.0,116.0,93.4,2025.0,690997.0,Nolan McLean,pitching,5.0,0.0,1.13,2.0,13.5,1.0,0.0,0.0,646.5
96.0,Eury Perez,MIA,SP,118.0,93.0,97.0,88.0,92.0,99.0,93.8,2025.0,691587.0,Eury Pérez,pitching,60.0,3.58,0.98,3.0,8.95,5.0,3.0,0.0,1028.0
97.0,Salvador Perez,KC,"C,1B,DH",95.0,109.0,92.0,84.0,115.0,100.0,96.0,2025.0,521692.0,Salvador Perez,batting,463.0,42.0,22.0,208.0,70.0,0.244,0.288,0.0,104.0
98.0,Jose Altuve,HOU,"2B,LF,DH",96.0,87.0,96.0,108.0,94.0,55.0,96.2,2025.0,514888.0,Jose Altuve,batting,460.0,68.0,22.0,215.0,64.0,0.28,0.345,9.0,118.0
99.0,Will Smith,LAD,C,106.0,103.0,107.0,94.0,179.0,74.0,96.8,2025.0,669257.0,Will Smith,batting,321.0,58.0,15.0,163.0,54.0,0.302,0.408,2.0,303.5
100.0,Kevin Gausman,TOR,SP,91.0,98.0,98.0,113.0,88.0,66.0,97.6,2025.0,592332.0,Kevin Gausman,pitching,143.0,3.78,1.05,3.45,8.71,8.0,12.0,0.0,1018.0
101.0,Michael Harris II,ATL,CF,92.0,102.0,110.0,97.0,97.0,126.0,99.6,2025.0,671739.0,Michael Harris II,batting,466.0,42.0,14.0,193.0,64.0,0.253,0.274,14.0,218.0
102.0,Michael Busch,CHC,1B,109.0,94.0,104.0,105.0,95.0,163.0,101.4,2025.0,683737.0,Michael Busch,batting,392.0,55.0,24.0,196.0,68.0,0.26,0.342,4.0,117.5
103.0,Drake Baldwin,ATL,C,138.0,115.0,99.0,81.0,118.0,97.0,102.0,2025.0,686948.0,Drake Baldwin,batting,279.0,34.0,13.0,129.0,53.0,0.28,0.345,0.0,391.0
104.0,Sonny Gray,BOS,SP,99.0,148.0,113.0,128.0,99.0,78.0,103.4,2025.0,543243.0,Sonny Gray,pitching,140.0,4.3,1.19,6.46,9.94,11.0,11.0,0.0,734.0
105.0,Jeremy Pena,HOU,SS,88.0,96.0,101.0,95.0,164.0,141.0,104.2,2025.0,665161.0,Jeremy Peña,batting,367.0,52.0,13.0,178.0,45.0,0.313,0.37,17.0,342.0
106.0,Spencer Strider,ATL,SP,124.0,112.0,105.0,107.0,77.0,80.0,105.6,2025.0,675911.0,Spencer Strider,pitching,86.0,4.69,1.36,2.86,10.42,5.0,7.0,0.0,520.0
107.0,Hunter Greene,CIN,SP,62.0,133.0,64.0,87.0,328.0,192.0,107.6,2025.0,668881.0,Hunter Greene,pitching,66.0,2.47,0.93,5.64,10.83,5.0,6.0,0.0,863.0
108.0,Agustin Ramirez,MIA,"C,DH",120.0,100.0,102.0,76.0,106.0,114.0,108.4,2025.0,682663.0,Agustín Ramírez,batting,396.0,53.0,18.0,174.0,56.0,0.235,0.287,7.0,232.5
109.0,Tyler Glasnow,LAD,SP,110.0,104.0,120.0,120.0,105.0,105.0,108.8,2025.0,607192.0,Tyler Glasnow,pitching,58.0,3.12,1.14,2.57,11.24,1.0,4.0,0.0,697.0
110.0,Blake Snell,LAD,SP,98.0,140.0,112.0,110.0,171.0,88.0,109.6,2025.0,605483.0,Blake Snell,pitching,25.0,1.8,1.44,1.92,9.0,3.0,1.0,0.0,609.5
111.0,Jacob Misiorowski,MIL,SP,108.0,118.0,135.0,126.0,96.0,101.0,109.8,2025.0,694819.0,Jacob Misiorowski,pitching,35.0,3.89,1.12,2.94,12.98,4.0,2.0,0.0,659.0
112.0,Josh Hader,HOU,RP,117.0,110.0,116.0,89.0,191.0,120.0,110.4,2025.0,623352.0,Josh Hader,pitching,53.0,2.05,0.85,4.75,12.99,6.0,0.0,28.0,804.0
113.0,Teoscar Hernandez,LAD,"LF,RF",102.0,114.0,114.0,118.0,108.0,131.0,111.2,2025.0,606192.0,Teoscar Hernández,batting,385.0,48.0,20.0,181.0,74.0,0.255,0.287,5.0,140.5
114.0,Chase Burns,CIN,"SP,RP",116.0,107.0,119.0,112.0,100.0,109.0,112.6,2025.0,695505.0,Chase Burns,pitching,34.0,5.24,1.34,4.38,14.94,0.0,2.0,0.0,424.0
115.0,Raisel Iglesias,ATL,RP,119.0,105.0,132.0,101.0,166.0,106.0,112.6,2025.0,628452.0,Raisel Iglesias,pitching,52.0,4.01,1.06,5.7,9.93,4.0,0.0,21.0,840.0
116.0,Willy Adames,SF,SS,103.0,111.0,108.0,116.0,89.0,127.0,113.0,2025.0,642715.0,Willy Adames,batting,459.0,73.0,19.0,181.0,62.0,0.222,0.309,6.0,185.0
117.0,Kyle Stowers,MIA,"LF,CF,RF",111.0,99.0,122.0,119.0,119.0,169.0,114.0,2025.0,669065.0,Kyle Stowers,batting,399.0,61.0,25.0,217.0,73.0,0.288,0.368,5.0,69.5
118.0,Trevor Story,BOS,SS,115.0,108.0,109.0,103.0,148.0,190.0,116.6,2025.0,596115.0,Trevor Story,batting,466.0,70.0,19.0,197.0,79.0,0.258,0.302,22.0,121.5
119.0,Luke Keaschall,MIN,2B,112.0,101.0,125.0,124.0,102.0,121.0,116.8,2025.0,807712.0,Luke Keaschall,batting,67.0,10.0,2.0,35.0,14.0,0.343,0.429,6.0,1132.5
120.0,Luis Robert Jr.,NYM,CF,145.0,106.0,131.0,111.0,109.0,199.0,120.4,2025.0,673357.0,Luis Robert Jr.,batting,351.0,47.0,12.0,124.0,47.0,0.219,0.301,31.0,447.0
121.0,Cam Schlittler,NYY,SP,121.0,113.0,124.0,134.0,122.0,125.0,121.0,2025.0,693645.0,Cam Schlittler,pitching,30.0,3.94,1.52,2.14,9.1,1.0,0.0,0.0,520.5
122.0,Taylor Ward,BAL,LF,122.0,139.0,123.0,145.0,107.0,115.0,121.2,2025.0,621493.0,Taylor Ward,batting,462.0,70.0,29.0,227.0,90.0,0.236,0.319,3.0,33.5
123.0,Jo Adell,LAA,"CF,RF",126.0,122.0,134.0,115.0,114.0,170.0,122.2,2025.0,666176.0,Jo Adell,batting,399.0,47.0,26.0,186.0,76.0,0.228,0.291,3.0,99.0
124.0,Brandon Woodruff,MIL,SP,130.0,117.0,121.0,125.0,120.0,104.0,122.6,2025.0,605540.0,Brandon Woodruff,pitching,39.0,2.06,0.74,6.12,11.21,4.0,5.0,0.0,885.0
125.0,Yandy Diaz,TB,"1B,DH",127.0,125.0,111.0,123.0,134.0,144.0,124.0,2025.0,650490.0,Yandy Díaz,batting,470.0,59.0,20.0,217.0,71.0,0.283,0.344,3.0,102.5
126.0,Matt Chapman,SF,3B,131.0,132.0,161.0,152.0,103.0,111.0,125.8,2025.0,656305.0,Matt Chapman,batting,345.0,53.0,16.0,146.0,44.0,0.229,0.337,7.0,372.5
127.0,Zack Wheeler,PHI,SP,135.0,128.0,100.0,135.0,144.0,71.0,128.4,2025.0,554430.0,Zack Wheeler,pitching,150.0,2.71,0.94,5.91,11.73,10.0,16.0,0.0,824.0
128.0,Brandon Nimmo,TEX,"LF,CF",149.0,134.0,117.0,137.0,98.0,108.0,129.0,2025.0,607043.0,Brandon Nimmo,batting,451.0,61.0,20.0,197.0,67.0,0.253,0.323,12.0,139.5
129.0,Ryan Helsley,BAL,RP,134.0,120.0,127.0,104.0,170.0,160.0,129.0,2025.0,664854.0,Ryan Helsley,pitching,42.0,3.61,1.49,2.78,10.63,3.0,0.0,21.0,408.0
130.0,Ozzie Albies,ATL,2B,114.0,123.0,130.0,150.0,130.0,83.0,129.4,2025.0,645277.0,Ozzie Albies,batting,473.0,52.0,10.0,155.0,48.0,0.226,0.298,11.0,422.0
131.0,Trey Yesavage,TOR,SP,105.0,126.0,136.0,156.0,125.0,173.0,129.6,,,,,,,,,,,,,
132.0,Nick Lodolo,CIN,SP,129.0,121.0,128.0,130.0,129.0,132.0,129.6,2025.0,666157.0,Nick Lodolo,pitching,130.0,3.05,1.03,5.17,8.61,8.0,13.0,0.0,1045.0
133.0,Nathan Eovaldi,TEX,SP,132.0,130.0,115.0,149.0,139.0,89.0,133.0,2025.0,543135.0,Nathan Eovaldi,pitching,123.0,1.76,0.87,5.71,8.78,11.0,13.0,0.0,1087.0
134.0,Michael King,SD,SP,137.0,150.0,133.0,136.0,135.0,128.0,133.8,2025.0,650633.0,Michael King,pitching,58.0,2.81,1.09,3.42,10.14,4.0,2.0,0.0,799.0
135.0,Ryan Pepiot,TB,SP,143.0,143.0,139.0,138.0,113.0,95.0,135.2,2025.0,686752.0,Ryan Pepiot,pitching,148.0,3.95,1.19,2.86,8.88,8.0,14.0,0.0,875.0
136.0,Jeff Hoffman,TOR,RP,141.0,124.0,151.0,117.0,182.0,148.0,136.2,2025.0,656546.0,Jeff Hoffman,pitching,51.0,4.24,1.08,4.5,12.71,8.0,0.0,27.0,699.0
137.0,Emmet Sheehan,LAD,SP,142.0,127.0,141.0,133.0,132.0,138.0,137.2,2025.0,686218.0,Emmet Sheehan,pitching,35.0,3.86,1.23,2.85,9.51,3.0,0.0,0.0,744.0
138.0,Lawrence Butler,ATH,"CF,RF",153.0,129.0,140.0,144.0,121.0,207.0,137.4,2025.0,671732.0,Lawrence Butler,batting,453.0,67.0,17.0,186.0,48.0,0.232,0.304,17.0,261.0
139.0,Carlos Estevez,KC,RP,125.0,138.0,126.0,102.0,155.0,146.0,138.0,2025.0,608032.0,Carlos Estévez,pitching,54.0,2.82,1.14,2.3,7.62,4.0,0.0,31.0,1077.0
140.0,Andy Pages,LAD,"LF,CF,RF",140.0,149.0,144.0,121.0,126.0,134.0,138.6,2025.0,681624.0,Andy Pages,batting,447.0,53.0,20.0,206.0,70.0,0.277,0.322,12.0,119.5
141.0,Jakob Marsee,MIA,"LF,CF",133.0,135.0,129.0,141.0,111.0,158.0,139.2,2025.0,805300.0,Jakob Marsee,batting,53.0,9.0,4.0,41.0,15.0,0.377,0.468,6.0,1022.0
142.0,Luis Castillo,SEA,SP,113.0,166.0,152.0,164.0,110.0,91.0,141.0,2025.0,622491.0,Luis Castillo,pitching,142.0,3.48,1.22,3.29,7.9,8.0,14.0,0.0,977.0
143.0,Yainer Diaz,HOU,"C,DH",190.0,152.0,137.0,106.0,251.0,124.0,141.8,2025.0,673237.0,Yainer Diaz,batting,421.0,44.0,17.0,176.0,53.0,0.254,0.283,1.0,253.5
144.0,Emilio Pagan,CIN,RP,162.0,142.0,155.0,129.0,208.0,122.0,142.0,2025.0,641941.0,Emilio Pagán,pitching,52.0,3.1,0.94,3.0,10.32,2.0,0.0,27.0,883.0
145.0,Gavin Williams,CLE,SP,150.0,141.0,143.0,147.0,112.0,135.0,143.2,2025.0,668909.0,Gavin Williams,pitching,128.0,3.38,1.31,1.9,8.93,7.0,10.0,0.0,743.5
146.0,Noelvi Marte,CIN,"3B,RF",157.0,137.0,145.0,131.0,146.0,201.0,143.2,2025.0,682622.0,Noelvi Marte,batting,196.0,28.0,9.0,100.0,37.0,0.296,0.332,7.0,612.0
147.0,MacKenzie Gore,TEX,SP,144.0,170.0,149.0,189.0,136.0,130.0,145.8,2025.0,669022.0,MacKenzie Gore,pitching,138.0,4.04,1.32,3.37,10.76,5.0,14.0,0.0,547.0
148.0,Ian Happ,CHC,LF,136.0,172.0,148.0,171.0,104.0,112.0,147.8,2025.0,664023.0,Ian Happ,batting,434.0,65.0,16.0,168.0,56.0,0.228,0.327,5.0,265.5
149.0,Sandy Alcantara,MIA,SP,152.0,136.0,147.0,148.0,117.0,157.0,148.0,2025.0,645261.0,Sandy Alcantara,pitching,127.0,6.31,1.41,2.02,6.87,6.0,6.0,0.0,913.0
150.0,Daniel Palencia,CHC,RP,158.0,131.0,138.0,132.0,198.0,181.0,148.0,2025.0,694037.0,Daniel Palencia,pitching,44.0,1.85,0.92,4.18,9.48,1.0,0.0,22.0,983.0
151.0,Trevor Rogers,BAL,SP,146.0,119.0,142.0,161.0,131.0,161.0,148.2,2025.0,669432.0,Trevor Rogers,pitching,69.0,1.43,0.81,4.0,7.79,5.0,9.0,0.0,1235.0
152.0,Steven Kwan,CLE,LF,167.0,146.0,153.0,154.0,124.0,70.0,148.8,2025.0,680757.0,Steven Kwan,batting,467.0,63.0,10.0,185.0,40.0,0.281,0.34,13.0,409.0
153.0,Dansby Swanson,CHC,SS,161.0,153.0,164.0,139.0,127.0,191.0,148.8,2025.0,621020.0,Dansby Swanson,batting,462.0,67.0,18.0,189.0,57.0,0.249,0.295,10.0,201.0
154.0,Adley Rutschman,BAL,C,174.0,171.0,150.0,143.0,233.0,110.0,149.6,2025.0,668939.0,Adley Rutschman,batting,308.0,37.0,9.0,115.0,29.0,0.227,0.31,0.0,620.5
155.0,Pete Fairbanks,MIA,RP,168.0,156.0,158.0,127.0,202.0,142.0,150.2,2025.0,664126.0,Pete Fairbanks,pitching,46.0,2.53,1.06,2.93,8.55,4.0,0.0,22.0,1033.0
156.0,Brandon Lowe,PIT,2B,249.0,116.0,169.0,167.0,137.0,167.0,151.2,2025.0,664040.0,Brandon Lowe,batting,386.0,61.0,24.0,190.0,61.0,0.272,0.318,3.0,149.5
157.0,Trevor Megill,MIL,RP,166.0,144.0,159.0,140.0,192.0,147.0,151.2,2025.0,656730.0,Trevor Megill,pitching,43.0,2.09,1.07,3.31,11.09,4.0,0.0,29.0,768.0
158.0,Drew Rasmussen,TB,SP,194.0,176.0,156.0,151.0,141.0,137.0,152.2,2025.0,656876.0,Drew Rasmussen,pitching,118.0,2.6,0.98,4.08,7.8,10.0,6.0,0.0,1190.0
159.0,Bubba Chandler,PIT,SP,139.0,151.0,170.0,158.0,149.0,195.0,153.4,,,,,,,,,,,,,
160.0,Ceddanne Rafaela,BOS,"2B,CF",159.0,155.0,157.0,122.0,140.0,162.0,154.6,2025.0,678882.0,Ceddanne Rafaela,batting,416.0,66.0,14.0,179.0,52.0,0.255,0.297,18.0,288.0
161.0,Robbie Ray,SF,SP,155.0,169.0,179.0,159.0,143.0,151.0,155.4,2025.0,592662.0,Robbie Ray,pitching,148.0,2.98,1.14,2.71,9.24,9.0,15.0,0.0,865.0
162.0,Kenley Jansen,DET,RP,165.0,157.0,168.0,142.0,219.0,175.0,161.4,2025.0,445276.0,Kenley Jansen,pitching,47.0,2.87,1.06,3.13,9.0,5.0,0.0,23.0,954.5
163.0,Xavier Edwards,MIA,"2B,SS",151.0,145.0,196.0,174.0,162.0,177.0,161.8,2025.0,669364.0,Xavier Edwards,batting,443.0,61.0,2.0,167.0,34.0,0.3,0.358,23.0,703.0
164.0,Ranger Suarez,BOS,SP,156.0,173.0,162.0,181.0,145.0,123.0,163.4,2025.0,624133.0,Ranger Suárez,pitching,112.0,3.28,1.18,3.48,8.09,8.0,12.0,0.0,986.0
165.0,Jacob Wilson,ATH,SS,160.0,158.0,166.0,168.0,176.0,140.0,165.6,2025.0,805779.0,Jacob Wilson,batting,369.0,46.0,10.0,162.0,45.0,0.312,0.354,5.0,425.0
166.0,Shota Imanaga,CHC,SP,177.0,161.0,171.0,175.0,156.0,150.0,168.0,2025.0,684007.0,Shota Imanaga,pitching,103.0,3.06,0.95,4.47,7.43,8.0,8.0,0.0,1240.0
167.0,Mike Trout,LAA,"CF,RF,DH",164.0,154.0,177.0,178.0,133.0,168.0,168.2,2025.0,545361.0,Mike Trout,batting,338.0,54.0,20.0,150.0,52.0,0.234,0.367,2.0,284.0
168.0,Tatsuya Imai,HOU,SP,246.0,168.0,165.0,172.0,152.0,189.0,169.2,,,,,,,,,,,,,
169.0,Chandler Simpson,TB,"LF,CF",244.0,164.0,154.0,163.0,153.0,212.0,169.2,2025.0,802415.0,Chandler Simpson,batting,275.0,37.0,0.0,97.0,18.0,0.302,0.336,34.0,1146.5
170.0,Jackson Holliday,BAL,"2B,SS",172.0,175.0,176.0,153.0,282.0,174.0,170.0,2025.0,702616.0,Jackson Holliday,batting,461.0,55.0,15.0,180.0,48.0,0.249,0.303,11.0,298.0
171.0,Kazuma Okamoto,TOR,"1B,3B",169.0,159.0,178.0,235.0,183.0,179.0,173.6,,,,,,,,,,,,,
172.0,Alec Burleson,STL,"1B,LF,RF,DH",173.0,184.0,160.0,169.0,187.0,139.0,174.6,2025.0,676475.0,Alec Burleson,batting,392.0,43.0,15.0,177.0,55.0,0.283,0.336,5.0,266.5
173.0,Tanner Bibee,CLE,SP,163.0,195.0,182.0,187.0,147.0,117.0,174.8,2025.0,676440.0,Tanner Bibee,pitching,137.0,4.54,1.29,2.88,8.17,9.0,8.0,0.0,863.0
174.0,Alejandro Kirk,TOR,C,195.0,212.0,173.0,146.0,242.0,149.0,175.0,2025.0,672386.0,Alejandro Kirk,batting,353.0,32.0,9.0,143.0,53.0,0.292,0.352,1.0,435.0
175.0,Ivan Herrera,STL,"C,DH",170.0,167.0,106.0,157.0,321.0,286.0,177.2,2025.0,671056.0,Iván Herrera,batting,257.0,30.0,10.0,114.0,43.0,0.288,0.365,5.0,523.5
176.0,Bryan Reynolds,PIT,"LF,CF,RF,DH",182.0,179.0,184.0,193.0,150.0,153.0,178.2,2025.0,668804.0,Bryan Reynolds,batting,463.0,46.0,13.0,185.0,61.0,0.244,0.301,3.0,252.0
177.0,Bryson Stott,PHI,"2B,SS",267.0,210.0,206.0,177.0,151.0,155.0,179.8,2025.0,681082.0,Bryson Stott,batting,380.0,49.0,7.0,133.0,47.0,0.239,0.315,19.0,526.5
178.0,Colson Montgomery,CWS,"3B,SS",154.0,180.0,146.0,216.0,205.0,246.0,180.2,2025.0,695657.0,Colson Montgomery,batting,129.0,18.0,10.0,65.0,28.0,0.225,0.286,0.0,705.0
179.0,Spencer Torkelson,DET,1B,193.0,174.0,175.0,179.0,128.0,183.0,180.8,2025.0,679529.0,Spencer Torkelson,batting,434.0,67.0,26.0,207.0,67.0,0.242,0.335,2.0,97.5
180.0,Willson Contreras,BOS,1B,128.0,190.0,163.0,176.0,163.0,218.0,182.0,2025.0,575929.0,Willson Contreras,batting,411.0,57.0,16.0,182.0,65.0,0.255,0.344,4.0,204.5
181.0,Jonathan Aranda,TB,1B,228.0,147.0,181.0,180.0,174.0,250.0,182.0,2025.0,666018.0,Jonathan Aranda,batting,358.0,53.0,12.0,171.0,54.0,0.316,0.394,0.0,321.0
182.0,Kris Bubic,KC,SP,329.0,160.0,183.0,213.0,180.0,188.0,184.8,2025.0,663460.0,Kris Bubic,pitching,116.0,2.55,1.18,2.97,8.97,8.0,11.0,0.0,872.0
183.0,Isaac Paredes,HOU,3B,254.0,183.0,226.0,208.0,158.0,152.0,185.4,2025.0,670623.0,Isaac Paredes,batting,351.0,51.0,19.0,165.0,50.0,0.259,0.359,0.0,270.5
184.0,Munetaka Murakami,CWS,"1B,3B",147.0,203.0,174.0,206.0,142.0,206.0,187.2,,,,,,,,,,,,,
185.0,Cade Horton,CHC,SP,181.0,178.0,185.0,197.0,157.0,197.0,187.6,2025.0,690990.0,Cade Horton,pitching,85.0,3.07,1.18,2.48,7.09,7.0,3.0,0.0,1127.0
186.0,Jac Caglianone,KC,"1B,RF",264.0,181.0,189.0,200.0,167.0,203.0,188.0,2025.0,695506.0,Jac Caglianone,batting,150.0,9.0,5.0,42.0,10.0,0.147,0.205,1.0,1052.5
187.0,Edward Cabrera,CHC,SP,290.0,191.0,191.0,192.0,168.0,200.0,188.4,2025.0,665795.0,Edward Cabrera,pitching,113.0,3.34,1.16,3.16,9.53,6.0,6.0,0.0,799.0
188.0,Carlos Rodon,NYY,SP,192.0,185.0,180.0,203.0,217.0,185.0,189.0,2025.0,607074.0,Carlos Rodón,pitching,147.0,3.25,1.06,2.83,10.06,12.0,11.0,0.0,834.0
189.0,Addison Barger,TOR,"3B,LF,RF",201.0,194.0,203.0,186.0,165.0,229.0,189.8,2025.0,680718.0,Addison Barger,batting,352.0,52.0,18.0,173.0,59.0,0.261,0.31,3.0,223.0
190.0,Christian Walker,HOU,1B,175.0,202.0,198.0,191.0,154.0,184.0,190.0,2025.0,572233.0,Christian Walker,batting,444.0,52.0,16.0,173.0,65.0,0.232,0.3,1.0,226.0
191.0,Dennis Santana,PIT,RP,183.0,182.0,187.0,160.0,265.0,239.0,190.2,2025.0,642701.0,Dennis Santana,pitching,52.0,2.41,0.92,3.73,7.05,4.0,0.0,20.0,1309.0
192.0,Konnor Griffin,PIT,"SS,CF",200.0,162.0,186.0,188.0,190.0,193.0,191.4,,,,,,,,,,,,,
193.0,Matt McLain,CIN,2B,212.0,187.0,192.0,194.0,175.0,228.0,192.0,2025.0,680574.0,Matt McLain,batting,406.0,57.0,11.0,136.0,39.0,0.222,0.302,16.0,489.0
194.0,Daulton Varsho,TOR,"LF,CF",281.0,165.0,207.0,196.0,172.0,233.0,194.6,2025.0,662139.0,Daulton Varsho,batting,132.0,23.0,13.0,80.0,34.0,0.242,0.304,1.0,603.0
195.0,Sal Stewart,CIN,1B,322.0,177.0,195.0,195.0,196.0,219.0,196.4,,,,,,,,,,,,,
196.0,Andrew Abbott,CIN,SP,176.0,201.0,208.0,218.0,181.0,164.0,196.8,2025.0,671096.0,Andrew Abbott,pitching,130.0,2.28,1.08,3.2,7.75,8.0,10.0,0.0,1117.0
197.0,Dylan Crews,WSH,"CF,RF",279.0,192.0,200.0,162.0,188.0,253.0,199.0,2025.0,686611.0,Dylan Crews,batting,172.0,26.0,7.0,60.0,17.0,0.198,0.27,12.0,870.5
198.0,Abner Uribe,MIL,RP,241.0,199.0,199.0,173.0,370.0,187.0,199.8,2025.0,682842.0,Abner Uribe,pitching,58.0,1.85,1.06,3.32,11.26,2.0,0.0,34.0,765.0
199.0,Matthew Boyd,CHC,SP,227.0,163.0,202.0,227.0,184.0,145.0,200.6,2025.0,571510.0,Matthew Boyd,pitching,143.0,2.46,1.02,4.2,7.95,11.0,16.0,0.0,1136.0
200.0,Shane Baz,BAL,SP,341.0,220.0,217.0,201.0,177.0,194.0,201.8,2025.0,669358.0,Shane Baz,pitching,135.0,4.93,1.33,2.8,9.33,8.0,9.0,0.0,660.0
201.0,Marcus Semien,NYM,2B,184.0,198.0,212.0,238.0,178.0,136.0,202.0,2025.0,543760.0,Marcus Semien,batting,457.0,60.0,15.0,167.0,62.0,0.228,0.304,11.0,259.5
202.0,Jack Flaherty,DET,SP,171.0,219.0,228.0,219.0,173.0,156.0,202.0,2025.0,656427.0,Jack Flaherty,pitching,125.0,4.76,1.31,3.12,11.05,6.0,9.0,0.0,552.0
203.0,Daylen Lile,WSH,"LF,RF",351.0,218.0,190.0,204.0,199.0,204.0,203.0,2025.0,695734.0,Daylen Lile,batting,205.0,29.0,3.0,84.0,21.0,0.263,0.306,5.0,892.5
204.0,Gleyber Torres,DET,2B,178.0,231.0,215.0,233.0,159.0,113.0,203.2,2025.0,650402.0,Gleyber Torres,batting,406.0,62.0,13.0,163.0,58.0,0.261,0.357,4.0,306.0
205.0,Robert Suarez,ATL,RP,191.0,258.0,193.0,190.0,266.0,186.0,203.6,2025.0,663158.0,Robert Suarez,pitching,52.0,3.27,1.01,3.93,9.46,4.0,0.0,33.0,932.0
206.0,Jose Caballero,NYY,"2B,3B,SS,LF,RF",198.0,209.0,194.0,209.0,243.0,208.0,203.6,2025.0,676609.0,José Caballero,batting,253.0,42.0,2.0,80.0,28.0,0.233,0.332,39.0,902.0
207.0,Ryan Walker,SF,RP,199.0,188.0,213.0,184.0,258.0,235.0,203.8,2025.0,676254.0,Ryan Walker,pitching,48.0,3.91,1.14,3.29,8.57,4.0,0.0,17.0,956.5
208.0,Zac Gallen,ARI,SP,189.0,222.0,232.0,222.0,160.0,119.0,205.0,2025.0,668678.0,Zac Gallen,pitching,144.0,5.31,1.35,2.52,8.19,9.0,9.0,0.0,784.0
209.0,Sal Frelick,MIL,"LF,CF,RF",291.0,227.0,235.0,199.0,189.0,178.0,205.6,2025.0,686217.0,Sal Frelick,batting,395.0,58.0,9.0,162.0,47.0,0.294,0.356,18.0,439.0
210.0,Jorge Polanco,NYM,"2B,3B,DH",208.0,186.0,211.0,212.0,186.0,213.0,206.0,2025.0,593871.0,Jorge Polanco,batting,355.0,44.0,18.0,156.0,54.0,0.245,0.31,5.0,283.0
211.0,Gerrit Cole,NYY,SP,185.0,200.0,219.0,263.0,275.0,166.0,206.6,,,,,,,,,,,,,
212.0,Brendan Donovan,SEA,"2B,SS,LF",196.0,217.0,236.0,265.0,213.0,176.0,207.6,2025.0,680977.0,Brendan Donovan,batting,423.0,57.0,9.0,170.0,45.0,0.279,0.348,3.0,431.0
213.0,Jordan Westburg,BAL,"2B,3B",148.0,254.0,172.0,205.0,339.0,269.0,209.6,2025.0,676059.0,Jordan Westburg,batting,282.0,53.0,15.0,134.0,34.0,0.277,0.327,1.0,471.0
214.0,Aaron Nola,PHI,SP,214.0,221.0,233.0,211.0,169.0,172.0,210.2,2025.0,605400.0,Aaron Nola,pitching,52.0,6.92,1.6,3.29,9.69,1.0,3.0,0.0,423.0
215.0,Royce Lewis,MIN,3B,305.0,189.0,230.0,183.0,194.0,258.0,210.8,2025.0,668904.0,Royce Lewis,batting,233.0,24.0,6.0,84.0,28.0,0.223,0.288,1.0,754.5
216.0,Brenton Doyle,COL,CF,188.0,197.0,201.0,155.0,234.0,238.0,211.6,2025.0,686668.0,Brenton Doyle,batting,379.0,46.0,11.0,141.0,42.0,0.235,0.283,12.0,459.5
217.0,Shane McClanahan,TB,SP,278.0,213.0,188.0,228.0,211.0,220.0,212.0,,,,,,,,,,,,,
218.0,Heliot Ramos,SF,"LF,CF,RF",319.0,241.0,237.0,210.0,161.0,214.0,212.6,2025.0,671218.0,Heliot Ramos,batting,475.0,63.0,14.0,191.0,52.0,0.265,0.339,6.0,269.0
219.0,Gabriel Moreno,ARI,C,275.0,216.0,216.0,170.0,316.0,202.0,215.8,2025.0,672515.0,Gabriel Moreno,batting,174.0,29.0,5.0,72.0,20.0,0.27,0.324,1.0,864.5
220.0,Wilyer Abreu,BOS,"LF,CF,RF",337.0,224.0,221.0,217.0,204.0,223.0,217.8,2025.0,677800.0,Wilyer Abreu,batting,352.0,52.0,22.0,171.0,69.0,0.253,0.325,6.0,164.0
221.0,Ezequiel Tovar,COL,SS,206.0,243.0,250.0,198.0,209.0,276.0,221.2,2025.0,678662.0,Ezequiel Tovar,batting,226.0,30.0,6.0,98.0,21.0,0.27,0.307,4.0,775.5
222.0,Adolis Garcia,PHI,RF,299.0,223.0,239.0,224.0,185.0,236.0,221.4,2025.0,666969.0,Adolis García,batting,438.0,46.0,16.0,170.0,64.0,0.224,0.266,10.0,237.0
223.0,Max Muncy,LAD,3B,197.0,206.0,234.0,237.0,236.0,216.0,225.8,2025.0,571970.0,Max Muncy,batting,279.0,44.0,17.0,137.0,64.0,0.258,0.389,4.0,284.0
224.0,JJ Wetherholt,STL,"2B,3B,SS",179.0,204.0,224.0,250.0,228.0,225.0,226.2,,,,,,,,,,,,,
225.0,Joe Musgrove,SD,SP,348.0,226.0,223.0,241.0,210.0,243.0,228.6,,,,,,,,,,,,,
226.0,Ramon Laureano,SD,"LF,CF,RF",349.0,208.0,222.0,215.0,195.0,305.0,229.0,2025.0,657656.0,Ramón Laureano,batting,315.0,56.0,19.0,175.0,58.0,0.298,0.364,5.0,212.5
227.0,Griffin Jax,TB,RP,257.0,193.0,218.0,207.0,271.0,165.0,229.2,2025.0,643377.0,Griffin Jax,pitching,52.0,4.7,1.28,5.27,13.76,1.0,0.0,24.0,508.5
228.0,Kerry Carpenter,DET,"LF,RF,DH",297.0,205.0,259.0,220.0,240.0,224.0,229.6,2025.0,681481.0,Kerry Carpenter,batting,327.0,53.0,22.0,175.0,48.0,0.266,0.299,1.0,244.5
229.0,Samuel Basallo,BAL,C,258.0,207.0,209.0,165.0,270.0,205.0,229.8,2025.0,694212.0,Samuel Basallo,batting,4.0,0.0,0.0,1.0,2.0,0.25,0.4,0.0,1724.0
230.0,Carter Jensen,KC,C,274.0,228.0,197.0,185.0,324.0,270.0,230.8,,,,,,,,,,,,,
231.0,Merrill Kelly,ARI,SP,335.0,250.0,246.0,245.0,203.0,210.0,230.8,2025.0,518876.0,Merrill Kelly,pitching,145.0,3.36,1.09,3.09,8.46,9.0,14.0,0.0,1011.0
232.0,Trent Grisham,NYY,CF,303.0,246.0,227.0,242.0,193.0,248.0,231.2,2025.0,663757.0,Trent Grisham,batting,364.0,61.0,21.0,164.0,46.0,0.247,0.352,1.0,283.5
233.0,Caleb Durbin,BOS,"2B,3B",262.0,249.0,229.0,232.0,201.0,182.0,234.6,2025.0,702332.0,Caleb Durbin,batting,313.0,45.0,6.0,114.0,40.0,0.252,0.333,10.0,633.0
234.0,J.T. Realmuto,PHI,C,213.0,245.0,240.0,202.0,248.0,227.0,234.6,2025.0,592663.0,J.T. Realmuto,batting,387.0,41.0,7.0,150.0,39.0,0.271,0.325,6.0,550.5
235.0,Luis Arraez,SF,"1B,2B,DH",216.0,232.0,244.0,259.0,238.0,159.0,237.8,2025.0,650333.0,Luis Arraez,batting,481.0,52.0,6.0,192.0,46.0,0.291,0.327,7.0,446.5
236.0,Giancarlo Stanton,NYY,"LF,RF,DH",225.0,196.0,243.0,247.0,254.0,221.0,238.0,2025.0,519317.0,Giancarlo Stanton,batting,144.0,20.0,12.0,83.0,34.0,0.299,0.377,0.0,608.5
237.0,Austin Wells,NYY,C,230.0,262.0,241.0,223.0,312.0,234.0,238.0,2025.0,669224.0,Austin Wells,batting,316.0,38.0,15.0,128.0,56.0,0.206,0.263,5.0,354.0
238.0,Alec Bohm,PHI,"1B,3B",255.0,233.0,249.0,243.0,216.0,211.0,239.2,2025.0,664761.0,Alec Bohm,batting,357.0,41.0,9.0,143.0,45.0,0.28,0.327,2.0,479.0
239.0,Carlos Correa,HOU,"3B,SS",251.0,225.0,265.0,256.0,237.0,231.0,240.0,2025.0,621043.0,Carlos Correa,batting,393.0,48.0,9.0,157.0,39.0,0.277,0.329,0.0,499.5
240.0,Bryan Abreu,HOU,RP,269.0,211.0,204.0,240.0,288.0,171.0,242.4,2025.0,650556.0,Bryan Abreu,pitching,56.0,1.61,1.05,3.36,13.5,3.0,0.0,26.0,714.0
241.0,Noah Cameron,KC,SP,343.0,230.0,260.0,266.0,207.0,254.0,243.4,2025.0,702070.0,Noah Cameron,pitching,98.0,2.47,1.06,2.79,7.14,7.0,7.0,0.0,1222.0
242.0,Otto Lopez,MIA,"2B,SS",327.0,251.0,254.0,214.0,302.0,198.0,243.8,2025.0,672640.0,Otto Lopez,batting,406.0,51.0,11.0,146.0,56.0,0.239,0.308,11.0,368.5
243.0,Kyle Manzardo,CLE,"1B,DH",346.0,238.0,238.0,234.0,215.0,295.0,244.0,2025.0,700932.0,Kyle Manzardo,batting,340.0,36.0,21.0,162.0,55.0,0.238,0.323,1.0,243.0
244.0,TJ Friedl,CIN,"LF,CF",326.0,296.0,245.0,254.0,197.0,230.0,244.4,2025.0,670770.0,TJ Friedl,batting,442.0,69.0,10.0,170.0,39.0,0.267,0.367,11.0,446.5
245.0,Roki Sasaki,LAD,SP,242.0,264.0,287.0,249.0,244.0,226.0,245.0,2025.0,808963.0,Roki Sasaki,pitching,34.0,4.72,1.49,1.09,6.29,1.0,1.0,0.0,917.0
246.0,Francisco Alvarez,NYM,C,256.0,214.0,210.0,166.0,283.0,272.0,247.0,2025.0,682626.0,Francisco Alvarez,batting,185.0,24.0,7.0,81.0,24.0,0.265,0.349,0.0,766.0
247.0,Jack Leiter,TEX,SP,340.0,234.0,291.0,246.0,206.0,261.0,247.6,2025.0,683004.0,Jack Leiter,pitching,105.0,3.94,1.34,1.78,8.23,7.0,5.0,0.0,793.0
248.0,Shane Bieber,TOR,SP,180.0,252.0,205.0,231.0,296.0,268.0,250.4,,,,,,,,,,,,,
249.0,Xander Bogaerts,SD,SS,323.0,235.0,253.0,225.0,298.0,244.0,251.0,2025.0,593428.0,Xander Bogaerts,batting,444.0,57.0,10.0,175.0,43.0,0.266,0.335,19.0,407.5
250.0,Jung Hoo Lee,SF,CF,220.0,351.0,377.0,280.0,225.0,180.0,251.2,2025.0,808982.0,Jung Hoo Lee,batting,443.0,60.0,6.0,181.0,46.0,0.26,0.324,10.0,463.0
251.0,Colton Cowser,BAL,"LF,CF,RF",266.0,268.0,276.0,248.0,200.0,360.0,251.6,2025.0,681297.0,Colton Cowser,batting,202.0,23.0,9.0,80.0,22.0,0.213,0.277,6.0,745.5
252.0,Kevin McGonigle,DET,SS,333.0,242.0,242.0,272.0,257.0,264.0,255.4,,,,,,,,,,,,,
253.0,Kodai Senga,NYM,SP,320.0,253.0,269.0,278.0,241.0,242.0,256.6,2025.0,673540.0,Kodai Senga,pitching,100.0,2.35,1.23,1.98,8.58,7.0,6.0,0.0,872.0
254.0,Kyle Teel,CWS,C,259.0,244.0,214.0,182.0,295.0,274.0,257.2,2025.0,691019.0,Kyle Teel,batting,136.0,18.0,2.0,47.0,13.0,0.25,0.348,2.0,1105.5
255.0,Jordan Beck,COL,"LF,RF",309.0,263.0,277.0,226.0,214.0,,257.8,2025.0,687597.0,Jordan Beck,batting,407.0,54.0,14.0,186.0,44.0,0.275,0.339,14.0,321.5
256.0,Seranthony Dominguez,CWS,RP,277.0,215.0,231.0,297.0,346.0,271.0,258.2,2025.0,622554.0,Seranthony Domínguez,pitching,48.0,3.78,1.38,2.14,11.71,2.0,0.0,18.0,443.5
257.0,Dillon Dingler,DET,C,218.0,285.0,286.0,221.0,344.0,287.0,259.4,2025.0,693307.0,Dillon Dingler,batting,324.0,38.0,11.0,138.0,49.0,0.272,0.319,0.0,421.0
258.0,Ryne Nelson,ARI,"SP,RP",232.0,247.0,282.0,261.0,224.0,278.0,260.0,2025.0,669194.0,Ryne Nelson,pitching,113.0,3.58,1.07,3.3,7.88,6.0,5.0,2.0,1108.0
259.0,Ernie Clement,TOR,"1B,2B,3B,SS",187.0,298.0,275.0,276.0,267.0,154.0,260.6,2025.0,676391.0,Ernie Clement,batting,434.0,65.0,9.0,176.0,40.0,0.279,0.312,3.0,450.5
260.0,Logan O'Hoppe,LAA,C,253.0,269.0,262.0,236.0,287.0,319.0,261.4,2025.0,681351.0,Logan O'Hoppe,batting,348.0,33.0,18.0,143.0,42.0,0.23,0.271,2.0,369.5
261.0,Quinn Priester,MIL,"SP,RP",240.0,292.0,267.0,290.0,227.0,,263.2,2025.0,682990.0,Quinn Priester,pitching,124.0,3.48,1.24,2.5,7.26,11.0,9.0,0.0,1037.0
262.0,Shane Smith,CWS,SP,339.0,261.0,302.0,262.0,226.0,275.0,265.2,2025.0,681343.0,Shane Smith,pitching,101.0,4.01,1.28,2.18,8.73,3.0,4.0,0.0,814.0
263.0,Bryce Miller,SEA,SP,350.0,266.0,270.0,253.0,292.0,260.0,268.2,2025.0,682243.0,Bryce Miller,pitching,49.0,5.73,1.52,1.7,7.21,2.0,0.0,0.0,787.5
264.0,Jake Burger,TEX,1B,296.0,290.0,258.0,255.0,253.0,321.0,270.4,2025.0,669394.0,Jake Burger,batting,293.0,36.0,12.0,122.0,41.0,0.242,0.275,1.0,486.5
265.0,Connelly Early,BOS,SP,344.0,267.0,257.0,258.0,235.0,354.0,272.2,,,,,,,,,,,,,
266.0,Ryan Weathers,NYY,SP,328.0,236.0,261.0,279.0,261.0,329.0,273.0,2025.0,677960.0,Ryan Weathers,pitching,25.0,3.28,1.05,2.88,8.39,1.0,0.0,0.0,1055.5
267.0,Spencer Steer,CIN,"1B,LF",263.0,257.0,225.0,260.0,303.0,284.0,273.4,2025.0,668715.0,Spencer Steer,batting,414.0,52.0,15.0,165.0,59.0,0.239,0.306,6.0,273.5
268.0,Luis Garcia,WSH,2B,272.0,259.0,300.0,230.0,308.0,196.0,273.8,2025.0,671277.0,Luis García Jr.,batting,384.0,53.0,9.0,154.0,51.0,0.263,0.303,10.0,432.0
269.0,Andrew Vaughn,MIL,1B,352.0,260.0,283.0,275.0,249.0,308.0,275.0,2025.0,683734.0,Andrew Vaughn,batting,298.0,27.0,14.0,127.0,54.0,0.242,0.287,0.0,378.5
270.0,Justin Crawford,PHI,CF,300.0,240.0,256.0,284.0,299.0,330.0,275.8,,,,,,,,,,,,,
271.0,Clay Holmes,NYM,SP,293.0,317.0,255.0,329.0,250.0,267.0,276.4,2025.0,605280.0,Clay Holmes,pitching,131.0,3.64,1.34,1.98,7.21,10.0,6.0,0.0,932.0
272.0,Tyler Stephenson,CIN,C,229.0,256.0,307.0,244.0,349.0,393.0,277.0,2025.0,663886.0,Tyler Stephenson,batting,252.0,32.0,9.0,99.0,36.0,0.226,0.313,0.0,620.0
273.0,Ryan O'Hearn,PIT,"1B,LF,RF,DH",260.0,299.0,285.0,269.0,273.0,209.0,277.2,2025.0,656811.0,Ryan O'Hearn,batting,344.0,48.0,14.0,155.0,48.0,0.273,0.368,3.0,364.5
274.0,Spencer Schwellenbach,ATL,SP,123.0,270.0,83.0,267.0,397.0,331.0,277.6,2025.0,680885.0,Spencer Schwellenbach,pitching,111.0,3.17,0.98,6.0,8.78,7.0,13.0,0.0,1054.0
275.0,Chase DeLauter,CLE,"CF,RF",271.0,274.0,274.0,292.0,286.0,362.0,279.4,,,,,,,,,,,,,
276.0,Mark Vientos,NYM,"3B,DH",268.0,282.0,248.0,304.0,306.0,371.0,281.6,2025.0,668901.0,Mark Vientos,batting,298.0,26.0,8.0,111.0,36.0,0.232,0.276,0.0,623.5
277.0,Marcell Ozuna,PIT,DH,288.0,305.0,272.0,307.0,220.0,240.0,282.4,2025.0,542303.0,Marcell Ozuna,batting,385.0,51.0,20.0,163.0,60.0,0.236,0.366,0.0,225.5
278.0,Jasson Dominguez,NYY,"LF,CF",347.0,265.0,297.0,252.0,272.0,326.0,282.4,2025.0,691176.0,Jasson Domínguez,batting,346.0,51.0,9.0,134.0,40.0,0.257,0.331,20.0,529.0
279.0,Casey Mize,DET,SP,283.0,239.0,317.0,271.0,222.0,312.0,284.4,2025.0,663554.0,Casey Mize,pitching,112.0,3.63,1.24,3.55,8.3,12.0,7.0,0.0,895.5
280.0,Braxton Ashcraft,PIT,"SP,RP",286.0,279.0,299.0,283.0,280.0,306.0,285.4,2025.0,677952.0,Braxton Ashcraft,pitching,42.0,3.02,1.27,2.85,7.99,3.0,0.0,3.0,920.0
281.0,Evan Carter,TEX,"LF,CF,RF",,275.0,324.0,282.0,218.0,336.0,287.0,2025.0,694497.0,Evan Carter,batting,181.0,30.0,5.0,73.0,24.0,0.249,0.333,13.0,831.5
282.0,Joey Cantillo,CLE,"SP,RP",321.0,293.0,362.0,281.0,278.0,273.0,289.2,2025.0,676282.0,Joey Cantillo,pitching,66.0,3.93,1.42,2.22,10.85,3.0,0.0,2.0,453.0
283.0,Mickey Moniak,COL,"LF,CF,RF",,229.0,251.0,239.0,230.0,,237.3,2025.0,666160.0,Mickey Moniak,batting,321.0,45.0,18.0,164.0,49.0,0.262,0.302,5.0,288.5
284.0,Luis Gil,NYY,SP,282.0,330.0,271.0,347.0,255.0,314.0,290.4,2025.0,661563.0,Luis Gil,pitching,14.0,5.14,1.64,1.75,9.0,1.0,0.0,0.0,480.0
285.0,Mike Burrows,HOU,"SP,RP",334.0,276.0,266.0,298.0,285.0,327.0,290.4,2025.0,681347.0,Mike Burrows,pitching,73.0,4.46,1.25,2.7,9.04,1.0,2.0,0.0,773.0
286.0,Miguel Vargas,CWS,"1B,3B",316.0,313.0,288.0,273.0,229.0,263.0,290.6,2025.0,678246.0,Miguel Vargas,batting,411.0,58.0,13.0,162.0,44.0,0.229,0.307,4.0,386.0
287.0,Logan Henderson,MIL,SP,353.0,312.0,252.0,286.0,252.0,386.0,291.0,2025.0,701656.0,Logan Henderson,pitching,25.0,1.78,0.99,4.12,11.72,3.0,1.0,0.0,805.0
288.0,Grayson Rodriguez,LAA,SP,314.0,255.0,293.0,285.0,246.0,309.0,291.2,,,,,,,,,,,,,
289.0,Cody Ponce,TOR,"SP,RP",306.0,287.0,273.0,294.0,247.0,296.0,291.2,,,,,,,,,,,,,
290.0,Colt Keith,DET,"1B,2B,3B,DH",261.0,294.0,279.0,295.0,313.0,290.0,294.2,2025.0,690993.0,Colt Keith,batting,336.0,54.0,10.0,141.0,37.0,0.262,0.345,0.0,510.0
291.0,Will Vest,DET,RP,245.0,323.0,322.0,309.0,374.0,281.0,296.0,2025.0,676684.0,Will Vest,pitching,53.0,2.04,1.08,3.75,10.19,5.0,0.0,20.0,807.0
292.0,Masyn Winn,STL,SS,315.0,307.0,305.0,270.0,259.0,288.0,297.0,2025.0,691026.0,Masyn Winn,batting,429.0,63.0,9.0,166.0,46.0,0.263,0.318,7.0,430.5
293.0,Robert Garcia,TEX,RP,332.0,237.0,281.0,287.0,338.0,251.0,297.8,2025.0,676395.0,Robert Garcia,pitching,46.0,3.69,1.38,2.94,10.29,1.0,0.0,21.0,509.0
294.0,Ryan Jeffers,MIN,"C,DH",308.0,288.0,284.0,251.0,327.0,282.0,297.8,2025.0,680777.0,Ryan Jeffers,batting,340.0,43.0,8.0,135.0,41.0,0.262,0.35,0.0,541.0
295.0,Brady Singer,CIN,SP,307.0,291.0,330.0,308.0,212.0,262.0,299.6,2025.0,663903.0,Brady Singer,pitching,125.0,4.31,1.31,2.48,8.55,10.0,10.0,0.0,799.5
296.0,Michael Wacha,KC,SP,310.0,314.0,367.0,360.0,256.0,259.0,299.8,2025.0,608379.0,Michael Wacha,pitching,137.0,3.35,1.15,2.73,6.64,7.0,11.0,0.0,1186.0
297.0,Yusei Kikuchi,LAA,SP,331.0,297.0,301.0,345.0,223.0,232.0,301.2,2025.0,579328.0,Yusei Kikuchi,pitching,143.0,3.52,1.44,2.44,9.38,6.0,9.0,0.0,562.0
298.0,Willi Castro,COL,"2B,3B,LF,RF",294.0,309.0,321.0,293.0,291.0,265.0,301.6,2025.0,650489.0,Willi Castro,batting,334.0,51.0,10.0,130.0,27.0,0.237,0.32,9.0,586.0
299.0,Zach McKinstry,DET,"3B,SS,LF,RF",239.0,356.0,,321.0,311.0,283.0,302.0,2025.0,656716.0,Zach McKinstry,batting,368.0,56.0,10.0,159.0,40.0,0.258,0.336,20.0,465.0
300.0,Andrew Painter,PHI,SP,313.0,271.0,292.0,320.0,310.0,289.0,304.8,,,,,,,,,,,,,
301.0,Matt Shaw,CHC,3B,238.0,368.0,347.0,257.0,315.0,,305.0,2025.0,807713.0,Matt Shaw,batting,282.0,42.0,10.0,112.0,32.0,0.227,0.292,15.0,594.0
302.0,Victor Scott,STL,CF,289.0,316.0,296.0,318.0,307.0,,305.2,2025.0,687363.0,Victor Scott II,batting,349.0,49.0,5.0,109.0,35.0,0.223,0.311,31.0,695.5
303.0,Bailey Ober,MIN,SP,295.0,347.0,364.0,299.0,231.0,222.0,307.2,2025.0,641927.0,Bailey Ober,pitching,108.0,5.15,1.35,3.58,7.14,4.0,7.0,0.0,942.0
304.0,Jonathan India,KC,"2B,3B,LF,DH",247.0,,393.0,354.0,301.0,241.0,307.2,2025.0,663697.0,Jonathan India,batting,429.0,53.0,8.0,152.0,40.0,0.238,0.324,0.0,523.5
305.0,Brayan Bello,BOS,SP,284.0,346.0,327.0,319.0,239.0,266.0,308.4,2025.0,678394.0,Brayan Bello,pitching,128.0,3.23,1.26,2.16,6.82,9.0,13.0,0.0,1071.0
306.0,Seth Lugo,KC,SP,,332.0,333.0,351.0,269.0,257.0,308.4,2025.0,607625.0,Seth Lugo,pitching,131.0,3.77,1.24,2.34,7.54,8.0,11.0,0.0,1006.0
307.0,Nick Castellanos,SD,RF,273.0,377.0,278.0,352.0,274.0,370.0,309.4,2025.0,592206.0,Nick Castellanos,batting,462.0,59.0,16.0,191.0,61.0,0.253,0.291,4.0,206.5
308.0,Brett Baty,NYM,"2B,3B",234.0,301.0,351.0,264.0,326.0,313.0,311.0,2025.0,683146.0,Brett Baty,batting,289.0,36.0,13.0,121.0,39.0,0.239,0.297,6.0,491.0
309.0,Jameson Taillon,CHC,SP,285.0,327.0,344.0,316.0,284.0,455.0,311.2,2025.0,592791.0,Jameson Taillon,pitching,95.0,4.44,1.1,3.7,6.99,7.0,10.0,0.0,1195.0
310.0,Sean Manaea,NYM,"SP,RP",217.0,280.0,357.0,291.0,279.0,353.0,312.0,2025.0,640455.0,Sean Manaea,pitching,32.0,4.78,1.16,5.29,10.41,1.0,0.0,0.0,725.0
311.0,Garrett Whitlock,BOS,RP,235.0,321.0,342.0,429.0,418.0,245.0,312.2,2025.0,676477.0,Garrett Whitlock,pitching,57.0,2.86,1.15,3.29,10.96,5.0,0.0,18.0,704.0
312.0,Parker Messick,CLE,SP,318.0,308.0,329.0,303.0,304.0,,312.4,,,,,,,,,,,,,
313.0,Jordan Lawlar,ARI,3B,,281.0,325.0,311.0,305.0,346.0,313.6,2025.0,691783.0,Jordan Lawlar,batting,19.0,1.0,0.0,0.0,0.0,0.0,0.136,0.0,1909.0
314.0,Carson Benge,NYM,CF,,284.0,268.0,342.0,347.0,335.0,315.2,,,,,,,,,,,,,
315.0,Tommy Edman,LAD,"2B,3B,CF",224.0,,387.0,332.0,342.0,298.0,316.6,2025.0,669242.0,Tommy Edman,batting,303.0,43.0,12.0,120.0,44.0,0.228,0.281,3.0,474.0
316.0,Jose Soriano,LAA,SP,342.0,349.0,315.0,322.0,232.0,255.0,316.6,2025.0,667755.0,José Soriano,pitching,149.0,4.0,1.38,2.03,7.87,8.0,14.0,0.0,820.0
317.0,Mitch Keller,PIT,SP,312.0,339.0,343.0,346.0,221.0,249.0,317.8,2025.0,656605.0,Mitch Keller,pitching,142.0,4.13,1.27,2.87,7.12,5.0,15.0,0.0,1043.0
318.0,Jeremiah Estrada,SD,RP,,300.0,264.0,379.0,410.0,237.0,318.0,2025.0,669093.0,Jeremiah Estrada,pitching,57.0,2.54,1.04,4.26,12.87,4.0,0.0,28.0,732.0
319.0,Chris Bassitt,BAL,SP,298.0,329.0,337.0,350.0,268.0,279.0,318.6,2025.0,605135.0,Chris Bassitt,pitching,139.0,4.22,1.33,3.38,8.57,11.0,10.0,0.0,763.0
320.0,Brooks Lee,MIN,"2B,3B,SS",270.0,,328.0,315.0,377.0,303.0,318.6,2025.0,686797.0,Brooks Lee,batting,363.0,32.0,12.0,139.0,51.0,0.245,0.288,2.0,396.0
321.0,David Peterson,NYM,SP,301.0,343.0,280.0,355.0,260.0,315.0,318.8,2025.0,656849.0,David Peterson,pitching,136.0,3.3,1.28,2.34,7.72,7.0,14.0,0.0,953.0
322.0,J.P. Crawford,SEA,SS,210.0,,388.0,387.0,320.0,293.0,319.6,2025.0,641487.0,J.P. Crawford,batting,450.0,52.0,9.0,161.0,43.0,0.26,0.354,7.0,467.5
323.0,Nolan Schanuel,LAA,1B,311.0,360.0,374.0,310.0,300.0,317.0,319.6,2025.0,694384.0,Nolan Schanuel,batting,449.0,60.0,10.0,175.0,49.0,0.269,0.359,5.0,370.0
324.0,Josh Smith,TEX,"1B,3B,SS,LF,RF",287.0,341.0,408.0,326.0,345.0,304.0,320.6,2025.0,669701.0,Josh Smith,batting,395.0,60.0,9.0,156.0,30.0,0.263,0.341,9.0,547.0
325.0,Anthony Volpe,NYY,SS,231.0,,372.0,353.0,355.0,320.0,326.2,2025.0,683011.0,Anthony Volpe,batting,438.0,54.0,18.0,181.0,65.0,0.215,0.283,15.0,185.5
326.0,Nolan Arenado,ARI,3B,204.0,302.0,348.0,381.0,352.0,252.0,327.0,2025.0,571448.0,Nolan Arenado,batting,361.0,43.0,10.0,131.0,43.0,0.233,0.292,2.0,489.0
327.0,Josh Jung,TEX,3B,205.0,375.0,,327.0,359.0,369.0,327.0,2025.0,673962.0,Josh Jung,batting,348.0,34.0,11.0,131.0,45.0,0.241,0.29,4.0,458.0
328.0,Kirby Yates,LAA,RP,265.0,278.0,298.0,358.0,436.0,,327.0,2025.0,489446.0,Kirby Yates,pitching,31.0,4.31,1.31,3.67,12.64,4.0,0.0,16.0,493.5
329.0,Lenyn Sosa,CWS,"1B,2B",,334.0,247.0,288.0,277.0,,286.5,2025.0,672820.0,Lenyn Sosa,batting,385.0,41.0,16.0,171.0,50.0,0.273,0.302,2.0,290.5
330.0,Bryce Eldridge,SF,"1B,DH",248.0,286.0,403.0,364.0,354.0,,331.0,,,,,,,,,,,,,
331.0,Edwin Uceta,TB,RP,317.0,331.0,303.0,305.0,399.0,,331.0,2025.0,670955.0,Edwin Uceta,pitching,57.0,4.11,1.21,3.9,12.32,9.0,0.0,17.0,597.0
332.0,Ian Seymour,TB,"SP,RP",,,336.0,330.0,290.0,217.0,293.3,2025.0,693855.0,Ian Seymour,pitching,20.0,1.77,0.93,3.67,9.74,1.0,0.0,0.0,945.0
333.0,Cedric Mullins II,TB,CF,,326.0,396.0,296.0,281.0,377.0,335.2,2025.0,656775.0,Cedric Mullins,batting,362.0,50.0,16.0,150.0,53.0,0.221,0.298,16.0,318.5
334.0,Reid Detmers,LAA,RP,207.0,355.0,355.0,333.0,325.0,316.0,336.8,2025.0,672282.0,Reid Detmers,pitching,56.0,4.34,1.34,3.13,11.57,3.0,0.0,13.0,492.0
335.0,Riley O'Brien,STL,RP,338.0,248.0,335.0,277.0,389.0,347.0,337.2,2025.0,676617.0,Riley O'Brien,pitching,34.0,1.6,1.16,2.13,8.55,1.0,0.0,6.0,944.0
336.0,Jake Cronenworth,SD,"1B,2B,SS",292.0,,389.0,402.0,314.0,292.0,337.8,2025.0,630105.0,Jake Cronenworth,batting,317.0,44.0,9.0,122.0,43.0,0.243,0.358,2.0,531.0
337.0,Josh Lowe,LAA,"LF,CF,RF",,328.0,353.0,268.0,245.0,,298.5,2025.0,666139.0,Josh Lowe,batting,279.0,40.0,7.0,103.0,29.0,0.229,0.295,12.0,684.5
338.0,Reynaldo Lopez,ATL,SP,325.0,336.0,341.0,343.0,319.0,351.0,339.2,2025.0,625643.0,Reynaldo López,pitching,5.0,5.4,2.2,0.5,1.8,0.0,0.0,0.0,849.5
339.0,Andres Gimenez,TOR,"2B,SS",215.0,358.0,414.0,300.0,263.0,363.0,339.6,2025.0,665926.0,Andrés Giménez,batting,224.0,29.0,5.0,72.0,23.0,0.223,0.306,10.0,842.0
340.0,Ryan McMahon,NYY,3B,203.0,,410.0,407.0,340.0,350.0,342.0,2025.0,641857.0,Ryan McMahon,batting,414.0,50.0,17.0,164.0,43.0,0.222,0.322,2.0,335.5
341.0,Jeff McNeil,ATH,"2B,LF,CF,RF",226.0,374.0,391.0,339.0,330.0,280.0,342.8,2025.0,643446.0,Jeff McNeil,batting,285.0,31.0,9.0,121.0,35.0,0.253,0.345,2.0,583.5
342.0,Will Warren,NYY,SP,324.0,,346.0,312.0,294.0,438.0,342.8,2025.0,701542.0,Will Warren,pitching,127.0,4.25,1.37,2.6,10.13,7.0,5.0,0.0,534.0
343.0,Carson Kelly,CHC,C,202.0,,,313.0,384.0,318.0,304.3,2025.0,608348.0,Carson Kelly,batting,272.0,43.0,13.0,126.0,40.0,0.268,0.363,1.0,476.5
344.0,Javier Baez,DET,"2B,3B,SS,CF",219.0,,314.0,444.0,448.0,294.0,343.8,2025.0,595879.0,Javier Báez,batting,346.0,49.0,11.0,147.0,49.0,0.269,0.296,5.0,403.5
345.0,Matt Wallner,MIN,"LF,RF",,310.0,340.0,302.0,276.0,,307.0,2025.0,670242.0,Matt Wallner,batting,247.0,35.0,16.0,118.0,27.0,0.211,0.323,0.0,527.0
346.0,Dylan Beavers,BAL,"LF,RF",,306.0,370.0,306.0,262.0,,311.0,2025.0,687637.0,Dylan Beavers,batting,9.0,2.0,0.0,3.0,0.0,0.222,0.3,0.0,1811.5
347.0,Marcelo Mayer,BOS,"2B,3B",233.0,350.0,263.0,367.0,415.0,359.0,350.8,2025.0,691785.0,Marcelo Mayer,batting,127.0,20.0,4.0,51.0,10.0,0.228,0.272,0.0,1044.0
348.0,Justin Steele,CHC,SP,330.0,359.0,378.0,378.0,318.0,301.0,352.6,2025.0,657006.0,Justin Steele,pitching,23.0,4.76,1.15,4.2,8.34,3.0,1.0,0.0,975.0
349.0,Zebby Matthews,MIN,SP,,303.0,383.0,301.0,289.0,,319.0,2025.0,805673.0,Zebby Matthews,pitching,48.0,5.06,1.44,4.2,11.81,3.0,1.0,0.0,402.0
350.0,Brandon Pfaadt,ARI,SP,304.0,373.0,373.0,385.0,264.0,344.0,355.8,2025.0,694297.0,Brandon Pfaadt,pitching,133.0,5.01,1.35,3.6,7.31,12.0,8.0,0.0,908.0
351.0,Adrian Morejon,SD,RP,237.0,,381.0,457.0,453.0,256.0,356.8,2025.0,670970.0,Adrian Morejon,pitching,56.0,2.08,0.83,5.18,9.11,9.0,0.0,20.0,1034.0
352.0,Cade Cavalli,WSH,SP,,337.0,352.0,349.0,357.0,400.0,359.0,2025.0,676917.0,Cade Cavalli,pitching,16.0,2.2,1.29,3.5,7.71,1.0,1.0,0.0,939.5
353.0,Anthony Santander,TOR,"LF,RF,DH",336.0,,220.0,325.0,421.0,,325.5,2025.0,623993.0,Anthony Santander,batting,184.0,14.0,6.0,56.0,18.0,0.179,0.273,0.0,895.5
354.0,Jeffrey Springs,ATH,SP,280.0,,308.0,421.0,309.0,,329.5,2025.0,605488.0,Jeffrey Springs,pitching,140.0,4.37,1.2,2.59,7.33,10.0,15.0,0.0,1067.5
355.0,Tyler Mahle,SF,SP,,304.0,363.0,340.0,317.0,,331.0,2025.0,641816.0,Tyler Mahle,pitching,77.0,2.34,1.13,2.07,6.55,6.0,7.0,0.0,1218.0
356.0,Hurston Waldrep,ATL,SP,302.0,,306.0,344.0,376.0,,332.0,2025.0,694462.0,Hurston Waldrep,pitching,18.0,1.02,0.79,3.4,8.66,3.0,2.0,0.0,1119.5
357.0,Chad Patrick,MIL,SP,,354.0,360.0,328.0,293.0,,333.8,2025.0,694477.0,Chad Patrick,pitching,95.0,3.52,1.3,3.17,9.03,3.0,5.0,0.0,723.0
358.0,Carlos Narvaez,BOS,C,,,331.0,289.0,380.0,349.0,337.3,2025.0,665966.0,Carlos Narváez,batting,311.0,43.0,10.0,128.0,36.0,0.248,0.316,1.0,540.5
359.0,Justin Verlander,DET,SP,252.0,,416.0,857.0,388.0,300.0,442.6,2025.0,434378.0,Justin Verlander,pitching,106.0,4.23,1.42,2.64,8.04,1.0,7.0,0.0,759.0
360.0,JoJo Romero,STL,RP,,365.0,376.0,396.0,420.0,299.0,371.2,2025.0,668941.0,JoJo Romero,pitching,43.0,2.53,1.36,1.95,8.65,4.0,0.0,19.0,727.0
361.0,Paul Goldschmidt,NYY,1B,209.0,,359.0,979.0,456.0,333.0,467.2,2025.0,502671.0,Paul Goldschmidt,batting,403.0,66.0,10.0,173.0,41.0,0.28,0.334,5.0,424.5
362.0,Robby Snelling,MIA,SP,,352.0,349.0,331.0,333.0,,341.3,,,,,,,,,,,,,
363.0,Cristian Javier,HOU,SP,,325.0,345.0,380.0,323.0,,343.3,2025.0,664299.0,Cristian Javier,pitching,8.0,3.38,1.0,3.5,7.88,1.0,0.0,0.0,1163.0
364.0,Corbin Burnes,ARI,SP,345.0,348.0,409.0,924.0,451.0,323.0,375.2,2025.0,669203.0,Corbin Burnes,pitching,64.0,2.66,1.17,2.42,8.81,3.0,7.0,0.0,898.0
365.0,Alex Vesia,LAD,RP,221.0,,379.0,1282.0,,277.0,539.8,2025.0,681911.0,Alex Vesia,pitching,51.0,2.81,0.99,3.72,11.75,3.0,0.0,26.0,801.0
366.0,Kyle Finnegan,DET,RP,236.0,,,341.0,417.0,384.0,344.5,2025.0,640448.0,Kyle Finnegan,pitching,47.0,3.66,1.14,2.8,8.1,2.0,0.0,25.0,1021.0
367.0,Owen Caissie,MIA,"CF,RF",,283.0,398.0,382.0,351.0,468.0,376.4,2025.0,683357.0,Owen Caissie,batting,5.0,0.0,0.0,0.0,0.0,0.0,0.0,0.0,1909.0
368.0,Dustin May,STL,SP,,370.0,385.0,419.0,335.0,383.0,378.4,2025.0,669160.0,Dustin May,pitching,114.0,4.67,1.35,2.42,8.63,7.0,9.0,0.0,745.0
369.0,Grant Holmes,ATL,SP,,315.0,380.0,449.0,390.0,361.0,379.0,2025.0,656550.0,Grant Holmes,pitching,115.0,3.99,1.33,2.28,9.63,4.0,9.0,0.0,631.0
370.0,Zach Eflin,BAL,SP,276.0,,358.0,398.0,364.0,,349.0,2025.0,621107.0,Zach Eflin,pitching,71.0,5.93,1.42,3.85,6.31,6.0,6.0,0.0,972.0
371.0,Clayton Beeter,WSH,RP,,277.0,332.0,361.0,427.0,,349.3,2025.0,690925.0,Clayton Beeter,pitching,10.0,9.31,1.66,1.12,8.38,0.0,0.0,0.0,575.0
372.0,Luke Weaver,NYM,RP,223.0,318.0,386.0,459.0,454.0,291.0,381.6,2025.0,596133.0,Luke Weaver,pitching,50.0,2.52,0.8,3.71,9.36,3.0,0.0,21.0,1019.5
373.0,Moises Ballesteros,CHC,"C,DH",,295.0,371.0,377.0,381.0,,356.0,2025.0,694208.0,Moisés Ballesteros,batting,18.0,3.0,0.0,5.0,6.0,0.222,0.3,0.0,1588.0
374.0,Harrison Bader,SF,"LF,CF,RF",,,394.0,317.0,348.0,366.0,356.3,2025.0,664056.0,Harrison Bader,batting,308.0,35.0,13.0,130.0,42.0,0.25,0.333,10.0,452.5
375.0,Max Meyer,MIA,SP,,320.0,361.0,371.0,375.0,,356.8,2025.0,676974.0,Max Meyer,pitching,65.0,4.73,1.42,3.4,9.46,3.0,5.0,0.0,562.0
376.0,Matt Strahm,KC,RP,222.0,,420.0,1261.0,467.0,325.0,539.0,2025.0,621381.0,Matt Strahm,pitching,49.0,3.1,1.09,3.5,10.22,1.0,0.0,20.0,789.0
377.0,Mike Yastrzemski,ATL,"LF,CF,RF",,,310.0,412.0,361.0,355.0,359.5,2025.0,573262.0,Mike Yastrzemski,batting,363.0,47.0,11.0,135.0,34.0,0.226,0.327,6.0,518.0
378.0,Dominic Canzone,SEA,"LF,RF",,361.0,375.0,334.0,368.0,,359.5,2025.0,686527.0,Dominic Canzone,batting,178.0,18.0,7.0,81.0,20.0,0.287,0.344,2.0,796.0
379.0,Jacob Lopez,ATH,SP,,340.0,400.0,368.0,331.0,,359.8,2025.0,682052.0,Jacob Lopez,pitching,85.0,3.3,1.19,3.43,10.95,6.0,6.0,0.0,670.0
380.0,Cam Smith,HOU,RF,,324.0,,323.0,297.0,,314.7,2025.0,701358.0,Cam Smith,batting,377.0,44.0,7.0,140.0,48.0,0.252,0.321,5.0,508.5
381.0,Bo Naylor,CLE,C,,,384.0,324.0,401.0,342.0,362.8,2025.0,666310.0,Bo Naylor,batting,272.0,36.0,11.0,100.0,28.0,0.184,0.283,1.0,613.5
382.0,Tyler Rogers,TOR,RP,211.0,,,1252.0,,247.0,570.0,2025.0,643511.0,Tyler Rogers,pitching,59.0,1.82,0.96,7.8,5.92,4.0,0.0,24.0,1399.0
383.0,Grant Taylor,CWS,RP,,,395.0,335.0,372.0,376.0,369.5,2025.0,691799.0,Grant Taylor,pitching,25.0,4.68,1.28,3.56,11.52,0.0,0.0,10.0,566.0
384.0,Tanner Scott,LAD,RP,,,354.0,386.0,422.0,324.0,371.5,2025.0,656945.0,Tanner Scott,pitching,46.0,4.14,1.16,4.55,9.85,1.0,0.0,27.0,769.0
385.0,Taylor Rogers,MIN,RP,,311.0,318.0,408.0,455.0,,373.0,2025.0,573124.0,Taylor Rogers,pitching,37.0,2.17,1.37,2.0,9.64,2.0,0.0,9.0,586.0
386.0,Austin Hays,CWS,"LF,DH",,367.0,382.0,366.0,382.0,,374.3,2025.0,669720.0,Austin Hays,batting,271.0,47.0,10.0,120.0,47.0,0.258,0.318,4.0,487.5
387.0,Tyler O'Neill,BAL,"LF,RF",,345.0,405.0,383.0,367.0,,375.0,2025.0,641933.0,Tyler O'Neill,batting,143.0,20.0,8.0,62.0,23.0,0.21,0.293,2.0,795.0
388.0,Kevin Ginkel,ARI,RP,,273.0,323.0,791.0,459.0,454.0,460.0,2025.0,656464.0,Kevin Ginkel,pitching,26.0,7.36,1.64,2.23,10.17,1.0,0.0,9.0,363.0
389.0,Luis Severino,ATH,SP,,366.0,,451.0,337.0,356.0,377.5,2025.0,622663.0,Luis Severino,pitching,136.0,4.88,1.34,2.34,6.8,6.0,9.0,0.0,975.0
390.0,Justin Sterner,ATH,RP,,272.0,320.0,427.0,,,339.7,2025.0,686993.0,Justin Sterner,pitching,47.0,3.99,1.14,2.61,8.94,3.0,0.0,10.0,903.0
391.0,Andrew Benintendi,CWS,"LF,DH",,342.0,,410.0,402.0,365.0,379.8,2025.0,643217.0,Andrew Benintendi,batting,332.0,45.0,14.0,134.0,47.0,0.223,0.289,1.0,401.0
392.0,Jordan Walker,STL,"LF,RF",,,417.0,338.0,365.0,422.0,385.5,2025.0,691023.0,Jordan Walker,batting,267.0,30.0,4.0,86.0,31.0,0.228,0.286,7.0,783.5
393.0,Nick Martinez,TB,"SP,RP",,364.0,,1022.0,373.0,310.0,517.3,2025.0,607259.0,Nick Martinez,pitching,139.0,4.73,1.23,2.97,6.35,10.0,10.0,1.0,1147.5
394.0,Lucas Giolito,,SP,,,326.0,403.0,322.0,,350.3,2025.0,608337.0,Lucas Giolito,pitching,107.0,3.63,1.25,2.56,7.34,8.0,12.0,0.0,1021.0
395.0,Edgar Quero,CWS,"C,DH",,,334.0,314.0,407.0,,351.7,2025.0,700337.0,Edgar Quero,batting,255.0,20.0,4.0,97.0,30.0,0.278,0.345,0.0,765.0
396.0,Luisangel Acuna,CWS,2B,,,407.0,400.0,378.0,375.0,390.0,2025.0,682668.0,Luisangel Acuña,batting,159.0,26.0,0.0,45.0,7.0,0.239,0.295,12.0,1385.5
397.0,Eric Lauer,TOR,"SP,RP",250.0,,311.0,1250.0,,,603.7,2025.0,641778.0,Eric Lauer,pitching,88.0,2.76,1.08,3.48,8.9,8.0,4.0,0.0,959.0
398.0,Brandon Marsh,PHI,"LF,CF",,,,359.0,341.0,367.0,355.7,2025.0,669016.0,Brandon Marsh,batting,272.0,41.0,7.0,113.0,28.0,0.268,0.332,5.0,676.0
399.0,Jason Adam,SD,RP,,,356.0,1257.0,,215.0,609.3,2025.0,592094.0,Jason Adam,pitching,60.0,1.65,1.17,2.64,9.9,8.0,0.0,27.0,759.0
400.0,Lars Nootbaar,STL,"LF,CF,RF",,,399.0,409.0,363.0,412.0,395.8,2025.0,663457.0,Lars Nootbaar,batting,373.0,55.0,13.0,144.0,41.0,0.233,0.326,4.0,430.0
401.0,Jake Mangum,PIT,"LF,CF,RF",,,316.0,375.0,394.0,,361.7,2025.0,663968.0,Jake Mangum,batting,296.0,29.0,2.0,101.0,31.0,0.274,0.311,18.0,840.0
402.0,Garrett Cleavinger,TB,RP,,353.0,366.0,418.0,452.0,,397.3,2025.0,664076.0,Garrett Cleavinger,pitching,44.0,2.05,0.98,4.0,11.45,1.0,0.0,19.0,823.0
403.0,Mick Abel,MIN,SP,,357.0,406.0,425.0,408.0,,399.0,2025.0,690953.0,Mick Abel,pitching,25.0,5.04,1.36,2.33,7.56,2.0,1.0,0.0,867.5
404.0,Matthew Liberatore,STL,SP,,,350.0,413.0,336.0,,366.3,2025.0,669461.0,Matthew Liberatore,pitching,117.0,4.08,1.29,3.14,6.77,6.0,10.0,0.0,1035.0
405.0,Spencer Horwitz,PIT,1B,,338.0,,373.0,392.0,,367.7,2025.0,687462.0,Spencer Horwitz,batting,259.0,32.0,5.0,97.0,34.0,0.255,0.324,0.0,722.5
406.0,Victor Vodnik,COL,RP,,,294.0,372.0,439.0,,368.3,2025.0,680767.0,Victor Vodnik,pitching,38.0,3.52,1.46,1.95,9.63,3.0,0.0,13.0,520.0
407.0,Zack Littell,WSH,SP,,,369.0,430.0,414.0,392.0,401.3,2025.0,641793.0,Zack Littell,pitching,151.0,3.52,1.11,4.29,6.14,9.0,15.0,0.0,1277.0
408.0,Harry Ford,WSH,C,,376.0,397.0,397.0,437.0,,401.8,,,,,,,,,,,,,
409.0,Hyeseong Kim,LAD,"2B,SS,CF",,362.0,,839.0,413.0,334.0,487.0,2025.0,808975.0,Hyeseong Kim,batting,138.0,17.0,2.0,56.0,15.0,0.304,0.338,12.0,1056.0
410.0,Nolan Gorman,STL,"2B,3B,DH",,,,404.0,385.0,322.0,370.3,2025.0,669357.0,Nolan Gorman,batting,236.0,36.0,11.0,97.0,36.0,0.225,0.319,1.0,581.0
411.0,Josh Bell,MIN,"1B,DH",,,411.0,356.0,350.0,,372.3,2025.0,605137.0,Josh Bell,batting,368.0,40.0,15.0,144.0,43.0,0.231,0.327,0.0,395.5
412.0,Spencer Arrighetti,HOU,SP,,322.0,,438.0,358.0,,372.7,2025.0,681293.0,Spencer Arrighetti,pitching,18.0,6.38,1.47,1.45,7.85,1.0,1.0,0.0,750.0
413.0,Connor Norby,MIA,3B,,372.0,,376.0,379.0,,375.7,2025.0,681393.0,Connor Norby,batting,253.0,33.0,6.0,92.0,26.0,0.241,0.289,7.0,756.5
414.0,Jordan Leasure,CWS,RP,,,309.0,362.0,457.0,,376.0,2025.0,673929.0,Jordan Leasure,pitching,46.0,4.34,1.4,2.48,11.23,4.0,0.0,15.0,452.0
415.0,Jared Jones,PIT,SP,,333.0,,414.0,383.0,,376.7,,,,,,,,,,,,,
416.0,Tony Santillan,CIN,RP,,,418.0,432.0,471.0,311.0,408.0,2025.0,663574.0,Tony Santillan,pitching,57.0,2.84,1.11,2.5,8.68,1.0,0.0,30.0,970.0
417.0,Coby Mayo,BAL,1B,,335.0,,399.0,398.0,,377.3,2025.0,691723.0,Coby Mayo,batting,152.0,17.0,5.0,55.0,19.0,0.204,0.28,1.0,910.0
418.0,Gavin Sheets,SD,"1B,LF,RF,DH",,,401.0,374.0,369.0,,381.3,2025.0,657757.0,Gavin Sheets,batting,366.0,41.0,15.0,156.0,54.0,0.251,0.314,2.0,319.0
419.0,Ha-Seong Kim,ATL,"2B,SS",,,,357.0,396.0,397.0,383.3,2025.0,673490.0,Ha-Seong Kim,batting,79.0,5.0,2.0,27.0,5.0,0.228,0.307,6.0,1270.5
420.0,Jose Berrios,TOR,SP,,,368.0,455.0,334.0,,385.7,,,,,,,,,,,,,
421.0,Triston Casas,BOS,1B,,,313.0,435.0,411.0,,386.3,2025.0,671213.0,Triston Casas,batting,99.0,5.0,3.0,30.0,11.0,0.182,0.277,0.0,1134.5
422.0,Troy Melton,DET,"SP,RP",,,312.0,348.0,,,330.0,2025.0,675512.0,Troy Melton,pitching,22.0,2.82,0.85,5.25,8.46,3.0,1.0,0.0,1134.0
423.0,Spencer Jones,NYY,CF,,,289.0,1069.0,478.0,395.0,557.8,,,,,,,,,,,,,
424.0,Johan Oviedo,BOS,SP,,378.0,,422.0,391.0,,397.0,2025.0,670912.0,Johan Oviedo,pitching,1.0,18.0,5.0,1.0,27.0,0.0,0.0,0.0,12.5
425.0,Jonah Tong,NYM,SP,,,,370.0,332.0,491.0,397.7,,,,,,,,,,,,,
426.0,Jesus Sanchez,TOR,"LF,CF,RF",,,,337.0,360.0,,348.5,,,,,,,,,,,,,
427.0,Robert Stephenson,LAA,RP,,,338.0,393.0,470.0,,400.3,2025.0,596112.0,Robert Stephenson,pitching,1.0,0.0,0.0,,18.0,0.0,0.0,0.0,809.5
428.0,Chase Meidroth,CWS,"2B,3B,SS",,,,336.0,366.0,,351.0,2025.0,805367.0,Chase Meidroth,batting,319.0,36.0,3.0,102.0,15.0,0.251,0.331,11.0,908.0
429.0,Patrick Bailey,SF,C,,,,415.0,443.0,345.0,401.0,2025.0,672275.0,Patrick Bailey,batting,303.0,31.0,2.0,93.0,37.0,0.218,0.273,0.0,826.5
430.0,Hunter Gaddis,CLE,RP,,,412.0,1265.0,,297.0,658.0,2025.0,683769.0,Hunter Gaddis,pitching,51.0,3.38,1.3,3.0,10.12,1.0,0.0,26.0,608.0
431.0,Denzel Clarke,ATH,CF,,380.0,,440.0,462.0,435.0,429.3,2025.0,672016.0,Denzel Clarke,batting,148.0,18.0,3.0,55.0,8.0,0.23,0.274,6.0,1094.0
432.0,Isaac Collins,KC,"LF,RF",,,,365.0,353.0,,359.0,2025.0,686555.0,Isaac Collins,batting,281.0,48.0,8.0,126.0,41.0,0.288,0.384,13.0,562.0
433.0,Brad Keller,PHI,RP,,,421.0,1092.0,,302.0,605.0,2025.0,641745.0,Brad Keller,pitching,54.0,2.48,1.01,3.44,9.11,3.0,0.0,19.0,965.0
434.0,Matt Brash,SEA,RP,,,415.0,934.0,468.0,343.0,540.0,2025.0,666374.0,Matt Brash,pitching,32.0,1.39,1.08,3.08,10.3,1.0,0.0,18.0,789.0
435.0,Camilo Doval,NYY,RP,,,,456.0,465.0,307.0,409.3,2025.0,666808.0,Camilo Doval,pitching,54.0,3.52,1.29,1.93,9.73,4.0,0.0,25.0,669.0
436.0,Trevor Larnach,MIN,"LF,RF,DH",,,,411.0,329.0,,370.0,2025.0,663616.0,Trevor Larnach,batting,393.0,52.0,16.0,162.0,49.0,0.242,0.315,2.0,319.0
437.0,Matt Svanson,STL,RP,,289.0,,452.0,,,370.5,2025.0,694335.0,Matt Svanson,pitching,39.0,2.33,0.83,3.55,9.08,1.0,0.0,0.0,1040.0
438.0,Jared Triolo,PIT,"1B,2B,3B,SS",,,,406.0,445.0,390.0,413.7,2025.0,669707.0,Jared Triolo,batting,189.0,20.0,3.0,54.0,13.0,0.19,0.28,7.0,1033.5
439.0,Tyler Holton,DET,"SP,RP",243.0,,,937.0,,,590.0,2025.0,663947.0,Tyler Holton,pitching,61.0,3.69,1.07,4.45,7.23,5.0,0.0,13.0,1192.0
440.0,Thomas White,MIA,SP,,,365.0,448.0,438.0,,417.0,,,,,,,,,,,,,
441.0,Freddy Fermin,SD,C,,,,390.0,476.0,385.0,417.0,2025.0,666023.0,Freddy Fermin,batting,232.0,20.0,4.0,83.0,17.0,0.272,0.321,1.0,897.5
442.0,Simeon Woods Richardson,MIN,SP,,,,369.0,387.0,,378.0,2025.0,680573.0,Simeon Woods Richardson,pitching,81.0,4.24,1.4,1.97,7.7,5.0,1.0,0.0,827.0
443.0,Braxton Garrett,MIA,SP,,,413.0,439.0,404.0,,418.7,,,,,,,,,,,,,
444.0,Taj Bradley,MIN,SP,,,,405.0,356.0,,380.5,2025.0,671737.0,Taj Bradley,pitching,111.0,4.61,1.28,2.16,7.68,6.0,11.0,0.0,948.0
445.0,Slade Cecconi,CLE,SP,,,,420.0,343.0,,381.5,2025.0,677944.0,Slade Cecconi,pitching,90.0,4.5,1.32,2.92,7.6,5.0,7.0,0.0,904.0
446.0,Jorge Soler,LAA,"RF,DH",,,,394.0,371.0,,382.5,2025.0,624585.0,Jorge Soler,batting,279.0,31.0,12.0,108.0,34.0,0.215,0.293,0.0,560.0
447.0,Victor Robles,SEA,"LF,CF,RF",,,,363.0,405.0,,384.0,2025.0,645302.0,Victor Robles,batting,44.0,3.0,0.0,15.0,3.0,0.273,0.283,3.0,1571.5
448.0,Lucas Erceg,KC,RP,,363.0,,865.0,,407.0,545.0,2025.0,668674.0,Lucas Erceg,pitching,52.0,2.42,1.13,2.5,6.92,5.0,0.0,21.0,1172.0
449.0,Joey Ortiz,MIL,SS,,,,417.0,416.0,437.0,423.3,2025.0,687401.0,Joey Ortiz,batting,386.0,55.0,7.0,127.0,42.0,0.231,0.283,11.0,570.5
450.0,Walker Jenkins,MIN,CF,,,304.0,1037.0,469.0,,603.3,,,,,,,,,,,,,
451.0,Max Scherzer,TOR,SP,,,,1085.0,440.0,339.0,621.3,2025.0,453286.0,Max Scherzer,pitching,54.0,3.83,1.07,4.33,8.67,3.0,5.0,0.0,995.0
452.0,Javier Sanoja,MIA,"2B,3B,SS,LF,CF",,,,1185.0,,285.0,735.0,2025.0,691594.0,Javier Sanoja,batting,228.0,31.0,4.0,87.0,24.0,0.241,0.286,3.0,823.5
453.0,Jake McCarthy,COL,"LF,CF,RF",,,390.0,447.0,450.0,,429.0,2025.0,664983.0,Jake McCarthy,batting,130.0,11.0,2.0,42.0,11.0,0.2,0.261,6.0,1151.0
454.0,Mauricio Dubon,ATL,"2B,3B,SS,LF,CF",,,,461.0,,328.0,394.5,2025.0,643289.0,Mauricio Dubón,batting,284.0,34.0,6.0,110.0,26.0,0.261,0.306,3.0,723.0
455.0,Gabe Speier,SEA,RP,,,404.0,1215.0,,391.0,670.0,2025.0,642100.0,Gabe Speier,pitching,47.0,2.31,0.92,6.2,11.96,2.0,0.0,17.0,822.0
456.0,Paul Sewald,ARI,RP,,,339.0,458.0,,,398.5,2025.0,623149.0,Paul Sewald,pitching,15.0,4.7,1.17,4.5,10.56,1.0,0.0,6.0,703.5
457.0,Ke'Bryan Hayes,CIN,3B,,,,990.0,425.0,373.0,596.0,2025.0,663647.0,Ke'Bryan Hayes,batting,420.0,39.0,4.0,127.0,41.0,0.236,0.279,10.0,649.5
458.0,Parker Meadows,DET,CF,,,,426.0,386.0,,406.0,2025.0,678009.0,Parker Meadows,batting,125.0,15.0,2.0,37.0,9.0,0.2,0.27,3.0,1192.5
459.0,Dean Kremer,BAL,SP,,,,453.0,362.0,,407.5,2025.0,665152.0,Dean Kremer,pitching,147.0,3.97,1.21,3.32,7.51,9.0,8.0,0.0,1030.0
460.0,Travis Bazzana,CLE,2B,,,,947.0,435.0,381.0,587.7,,,,,,,,,,,,,
461.0,Nasim Nunez,WSH,"2B,SS",,,419.0,416.0,481.0,,438.7,2025.0,683083.0,Nasim Nuñez,batting,43.0,6.0,0.0,10.0,5.0,0.186,0.271,7.0,1566.5
462.0,Shawn Armstrong,CLE,RP,,,319.0,1267.0,,,793.0,2025.0,542888.0,Shawn Armstrong,pitching,55.0,2.6,0.8,3.62,9.43,4.0,0.0,14.0,1012.0
463.0,Bennett Sousa,HOU,RP,,319.0,,761.0,,,540.0,2025.0,656986.0,Bennett Sousa,pitching,50.0,2.9,1.05,3.8,10.33,5.0,0.0,11.0,824.0
464.0,Landen Roupp,SF,SP,,,,428.0,393.0,,410.5,2025.0,694738.0,Landen Roupp,pitching,104.0,3.45,1.45,2.33,8.63,7.0,8.0,0.0,662.0
465.0,Dalton Rushing,LAD,C,,,,436.0,472.0,413.0,440.3,2025.0,687221.0,Dalton Rushing,batting,94.0,11.0,2.0,28.0,15.0,0.202,0.269,0.0,1146.0
466.0,Max Muncy,ATH,"2B,3B,SS",,,,1006.0,482.0,341.0,609.7,2025.0,571970.0,Max Muncy,batting,279.0,44.0,17.0,137.0,64.0,0.258,0.389,4.0,284.0
467.0,Kody Clemens,MIN,"1B,2B,LF,RF",,,,391.0,434.0,,412.5,2025.0,665019.0,Kody Clemens,batting,237.0,31.0,13.0,105.0,38.0,0.211,0.284,1.0,528.0
468.0,Brady House,WSH,3B,,,392.0,916.0,433.0,,580.3,2025.0,691781.0,Brady House,batting,168.0,15.0,2.0,53.0,19.0,0.238,0.256,4.0,1027.0
469.0,Eduardo Rodriguez,ARI,SP,,,,1102.0,400.0,425.0,642.3,2025.0,593958.0,Eduardo Rodriguez,pitching,110.0,5.56,1.64,2.58,9.08,5.0,5.0,0.0,475.5
470.0,Lane Thomas,KC,"CF,RF",,,,443.0,432.0,452.0,442.3,2025.0,657041.0,Lane Thomas,batting,125.0,10.0,4.0,34.0,11.0,0.16,0.246,4.0,1086.5
471.0,Bryan King,HOU,RP,,,423.0,997.0,,408.0,609.3,2025.0,687911.0,Bryan King,pitching,50.0,3.04,1.13,6.33,10.19,3.0,0.0,23.0,761.0
472.0,Sean Murphy,ATL,C,,,,392.0,441.0,,416.5,2025.0,669221.0,Sean Murphy,batting,266.0,32.0,16.0,115.0,43.0,0.207,0.312,0.0,437.5
473.0,Luis Rengifo,MIL,"2B,3B,OF",,,,389.0,446.0,,417.5,2025.0,650859.0,Luis Rengifo,batting,400.0,48.0,7.0,140.0,32.0,0.248,0.293,5.0,604.5
474.0,Luis Morales,ATH,SP,,,,424.0,412.0,,418.0,2025.0,806960.0,Luis Morales,pitching,10.0,1.86,1.66,1.12,8.38,1.0,0.0,0.0,575.0
475.0,Enrique Hernandez,LAD,"1B,2B,3B,LF",,,,1034.0,,338.0,686.0,2025.0,571771.0,Enrique Hernández,batting,169.0,23.0,8.0,62.0,22.0,0.195,0.259,0.0,802.0
476.0,Louis Varland,TOR,RP,,,,1200.0,,340.0,770.0,2025.0,686973.0,Louis Varland,pitching,57.0,2.37,1.12,3.5,8.84,3.0,0.0,19.0,938.0
477.0,Miguel Amaya,CHC,C,,,,431.0,,409.0,420.0,2025.0,665804.0,Miguel Amaya,batting,96.0,14.0,4.0,48.0,25.0,0.281,0.314,0.0,914.0
478.0,Jonny DeLuca,TB,"LF,CF,RF",,344.0,,1151.0,,,747.5,2025.0,676356.0,Jonny DeLuca,batting,57.0,5.0,0.0,26.0,4.0,0.333,0.356,6.0,1494.0
479.0,Miguel Rojas,LAD,"2B,3B,SS",,,,1277.0,,348.0,812.5,2025.0,500743.0,Miguel Rojas,batting,188.0,22.0,6.0,72.0,14.0,0.239,0.299,2.0,895.0
480.0,Clayton Kershaw,,SP,,,,471.0,,378.0,424.5,2025.0,477132.0,Clayton Kershaw,pitching,78.0,3.01,1.2,2.45,5.68,7.0,6.0,0.0,1236.0
481.0,Kristian Campbell,BOS,"2B,CF",,,,441.0,409.0,,425.0,2025.0,692225.0,Kristian Campbell,batting,229.0,24.0,6.0,79.0,21.0,0.223,0.319,2.0,822.5
482.0,Christian Moore,LAA,2B,,,,445.0,406.0,,425.5,2025.0,695681.0,Christian Moore,batting,86.0,13.0,3.0,29.0,11.0,0.186,0.304,0.0,1137.0
483.0,Colt Emerson,SEA,SS,,,,433.0,428.0,,430.5,,,,,,,,,,,,,
484.0,Victor Caratini,MIN,"C,1B,DH",,,,388.0,474.0,,431.0,2025.0,605170.0,Victor Caratini,batting,280.0,30.0,10.0,114.0,36.0,0.257,0.317,1.0,568.5
485.0,Keibert Ruiz,WSH,C,,,,401.0,464.0,,432.5,2025.0,660688.0,Keibert Ruiz,batting,255.0,19.0,2.0,81.0,25.0,0.247,0.277,0.0,920.0
486.0,Kyle Harrison,MIL,"SP,RP",,,402.0,983.0,463.0,,616.0,2025.0,690986.0,Kyle Harrison,pitching,24.0,4.56,1.27,2.78,9.51,1.0,0.0,1.0,715.5
487.0,Rhys Hoskins,CLE,1B,,,,876.0,,368.0,622.0,2025.0,656555.0,Rhys Hoskins,batting,269.0,30.0,12.0,115.0,42.0,0.242,0.34,2.0,494.0
488.0,Zach Cole,HOU,"LF,CF,RF",,369.0,,1039.0,,,704.0,,,,,,,,,,,,,
489.0,Wenceel Perez,DET,"CF,RF",,,,446.0,424.0,,435.0,2025.0,672761.0,Wenceel Pérez,batting,215.0,35.0,9.0,101.0,27.0,0.26,0.319,6.0,665.5
490.0,Miguel Andujar,SD,"3B,LF,DH",,371.0,,674.0,,,522.5,2025.0,609280.0,Miguel Andujar,batting,257.0,30.0,9.0,120.0,36.0,0.307,0.345,1.0,582.5
491.0,Jose Alvarado,PHI,RP,,,,1283.0,,374.0,828.5,2025.0,621237.0,José Alvarado,pitching,20.0,2.7,1.2,6.25,11.25,4.0,0.0,12.0,644.5
492.0,Cole Young,SEA,2B,,,,1107.0,479.0,396.0,660.7,2025.0,702284.0,Cole Young,batting,178.0,21.0,3.0,62.0,19.0,0.247,0.335,1.0,953.0
493.0,Fernando Cruz,NYY,RP,,,,1281.0,,379.0,830.0,2025.0,518585.0,Fernando Cruz,pitching,33.0,3.0,1.0,3.86,14.73,2.0,0.0,11.0,733.0
494.0,Tyler Fitzgerald,SF,2B,,379.0,,986.0,,,682.5,2025.0,666149.0,Tyler Fitzgerald,batting,209.0,19.0,4.0,69.0,14.0,0.215,0.273,9.0,947.5
495.0,Nolan Jones,CLE,"LF,CF,RF",,,,1150.0,,380.0,765.0,2025.0,666134.0,Nolan Jones,batting,283.0,27.0,3.0,84.0,28.0,0.212,0.309,7.0,841.0
496.0,Jesus Made,MIL,"2B,3B,SS",,,,1079.0,,382.0,730.5,,,,,,,,,,,,,
497.0,Jake Meyers,HOU,CF,,,,454.0,430.0,,442.0,2025.0,676694.0,Jake Meyers,batting,289.0,47.0,3.0,117.0,21.0,0.308,0.369,14.0,826.5
498.0,Wander Franco,TB,SS,,,,557.0,,387.0,472.0,,,,,,,,,,,,,
499.0,Jesus Rodriguez,SF,C,,,,1062.0,,388.0,725.0,,,,,,,,,,,,,
500.0,Lourdes Gurriel Jr.,ARI,LF,,,,467.0,426.0,,446.5,2025.0,666971.0,Lourdes Gurriel Jr.,batting,451.0,44.0,16.0,186.0,66.0,0.246,0.295,10.0,196.5
501.0,Brooks Raley,NYM,RP,,,,785.0,,394.0,589.5,2025.0,548384.0,Brooks Raley,pitching,10.0,2.7,1.3,1.8,8.1,1.0,0.0,3.0,861.0
502.0,Rhett Lowder,CIN,SP,,,,931.0,395.0,,663.0,,,,,,,,,,,,,
503.0,Ronny Henriquez,MIA,RP,,,,423.0,473.0,,448.0,2025.0,678692.0,Ronny Henriquez,pitching,56.0,2.72,1.14,3.59,12.62,6.0,0.0,23.0,658.0
504.0,Liam Hicks,MIA,"C,1B,DH",,,,1045.0,,398.0,721.5,2025.0,689414.0,Liam Hicks,batting,242.0,25.0,4.0,89.0,37.0,0.264,0.356,0.0,747.0
505.0,Oswaldo Cabrera,NYY,3B,,,,727.0,,399.0,563.0,2025.0,665828.0,Oswaldo Cabrera,batting,107.0,17.0,1.0,33.0,11.0,0.243,0.322,0.0,1232.5
506.0,Endy Rodriguez,PIT,"C,1B",,,,1023.0,,401.0,712.0,2025.0,682848.0,Endy Rodríguez,batting,52.0,5.0,0.0,13.0,2.0,0.173,0.246,0.0,1608.5
507.0,Hunter Strickland,LAA,RP,,,,487.0,,415.0,451.0,2025.0,519326.0,Hunter Strickland,pitching,22.0,3.27,1.23,1.4,5.73,1.0,0.0,3.0,1204.0
508.0,Michael McGreevy,STL,SP,,,,1007.0,403.0,,705.0,2025.0,700241.0,Michael McGreevy,pitching,51.0,4.41,1.22,4.0,4.94,4.0,3.0,0.0,1250.0
509.0,Bobby Miller,LAD,SP,,,,988.0,,404.0,696.0,2025.0,676272.0,Bobby Miller,pitching,5.0,12.6,2.6,3.5,12.6,0.0,0.0,0.0,100.5
510.0,Davis Schneider,TOR,"2B,LF",,,,1206.0,,405.0,805.5,2025.0,676914.0,Davis Schneider,batting,128.0,24.0,8.0,62.0,25.0,0.258,0.383,1.0,782.0
511.0,Alexis Diaz,TEX,RP,,,,1094.0,,406.0,750.0,2025.0,664747.0,Alexis Díaz,pitching,15.0,7.8,1.47,1.71,7.2,1.0,0.0,4.0,833.0
512.0,Taijuan Walker,PHI,"SP,RP",,,,984.0,,410.0,697.0,2025.0,592836.0,Taijuan Walker,pitching,92.0,3.34,1.29,2.32,6.38,4.0,4.0,2.0,1085.0
513.0,Otto Kemp,PHI,"1B,3B,LF",,,,1182.0,,411.0,796.5,2025.0,805249.0,Otto Kemp,batting,145.0,17.0,4.0,52.0,17.0,0.228,0.298,1.0,967.5
514.0,Johan Rojas,PHI,CF,,,,736.0,,414.0,575.0,2025.0,679032.0,Johan Rojas,batting,152.0,23.0,1.0,44.0,18.0,0.224,0.28,12.0,1129.5
515.0,Aidan Miller,PHI,SS,,,,437.0,477.0,,457.0,,,,,,,,,,,,,
516.0,Wade Meckler,LAA,CF,,,,657.0,,416.0,536.5,,,,,,,,,,,,,
517.0,Abimelec Ortiz,WSH,"1B,OF",,,,1237.0,,417.0,827.0,,,,,,,,,,,,,
518.0,Edmundo Sosa,PHI,"2B,3B,SS",,,,1268.0,,418.0,843.0,2025.0,624641.0,Edmundo Sosa,batting,195.0,23.0,6.0,80.0,27.0,0.262,0.3,1.0,776.5
519.0,Adrian Houser,SF,SP,,,,963.0,419.0,,691.0,2025.0,605288.0,Adrian Houser,pitching,84.0,2.67,1.29,2.31,6.4,6.0,9.0,0.0,1077.0
520.0,Justyn-Henry Malloy,TB,"LF,RF,DH",,,,763.0,,421.0,592.0,2025.0,669234.0,Justyn-Henry Malloy,batting,96.0,13.0,1.0,27.0,16.0,0.208,0.339,0.0,1202.5
521.0,Andrew Kittredge,BAL,RP,,,422.0,955.0,,,688.5,2025.0,552640.0,Andrew Kittredge,pitching,38.0,3.76,1.07,4.67,9.86,3.0,0.0,12.0,844.0
522.0,Carlos Santana,ARI,1B,,,,1081.0,,423.0,752.0,2025.0,467793.0,Carlos Santana,batting,384.0,47.0,11.0,129.0,51.0,0.227,0.321,7.0,428.0
523.0,Jack Dreyer,LAD,"SP,RP",,,,914.0,,424.0,669.0,2025.0,676263.0,Jack Dreyer,pitching,60.0,2.83,1.06,2.7,8.06,2.0,0.0,11.0,1094.0
524.0,Joey Bart,PIT,C,,,,968.0,,426.0,697.0,2025.0,663698.0,Joey Bart,batting,230.0,16.0,2.0,73.0,21.0,0.243,0.351,1.0,966.5
525.0,Alek Thomas,ARI,CF,,,,1191.0,,427.0,809.0,2025.0,677950.0,Alek Thomas,batting,334.0,40.0,8.0,127.0,33.0,0.251,0.295,6.0,608.0
526.0,Joe Boyle,TB,"SP,RP",,,,587.0,429.0,,508.0,2025.0,671212.0,Joe Boyle,pitching,33.0,4.68,1.19,1.89,9.37,1.0,0.0,0.0,801.0
527.0,Carlos Rodriguez,MIL,RP,,,,543.0,,429.0,486.0,2025.0,692230.0,Carlos Rodriguez,pitching,3.0,8.1,2.7,0.5,5.4,1.0,0.0,0.0,733.5
528.0,Danny Jansen,TEX,C,,,,434.0,495.0,,464.5,2025.0,643376.0,Danny Jansen,batting,239.0,32.0,11.0,91.0,30.0,0.205,0.312,0.0,621.5
529.0,Tyler Wells,BAL,SP,,,,910.0,431.0,,670.5,,,,,,,,,,,,,
530.0,Ryan Clifford,NYM,"1B,OF",,,,1053.0,,432.0,742.5,,,,,,,,,,,,,
531.0,Leo De Vries,ATH,SS,,,,1123.0,,433.0,778.0,,,,,,,,,,,,,
532.0,Mitch Spence,KC,"SP,RP",,,,602.0,,434.0,518.0,2025.0,687765.0,Mitch Spence,pitching,75.0,4.7,1.34,2.86,7.59,2.0,0.0,5.0,888.0
533.0,Casey Schmitt,SF,"1B,2B,3B",,,,1097.0,,439.0,768.0,2025.0,669477.0,Casey Schmitt,batting,195.0,20.0,7.0,79.0,24.0,0.251,0.324,0.0,776.0
534.0,Heston Kjerstad,BAL,"LF,RF",,,,1143.0,,440.0,791.5,2025.0,677008.0,Heston Kjerstad,batting,156.0,16.0,4.0,51.0,19.0,0.192,0.24,1.0,947.5
535.0,Gavin Lux,TB,"2B,3B,LF,DH",,,,1047.0,442.0,,744.5,2025.0,666158.0,Gavin Lux,batting,347.0,38.0,4.0,131.0,45.0,0.28,0.359,1.0,614.5
536.0,Carson Williams,TB,SS,,,,583.0,444.0,,513.5,,,,,,,,,,,,,
537.0,Romy Gonzalez,BOS,"1B,2B",,,,450.0,494.0,,472.0,2025.0,663853.0,Romy Gonzalez,batting,211.0,34.0,8.0,111.0,39.0,0.294,0.33,5.0,606.5
538.0,Sebastian Walcott,TEX,"3B,SS",,,,1118.0,,445.0,781.5,,,,,,,,,,,,,
539.0,Stuart Fairchild,CLE,"LF,CF,RF",,,,592.0,,446.0,519.0,2025.0,656413.0,Stuart Fairchild,batting,51.0,7.0,0.0,17.0,2.0,0.216,0.273,2.0,1585.5
540.0,Sean Burke,CWS,"SP,RP",,,,1051.0,447.0,,749.0,2025.0,680732.0,Sean Burke,pitching,118.0,4.28,1.44,2.04,8.41,4.0,7.0,0.0,689.0
541.0,Eric Wagaman,MIN,"1B,LF",,,,1226.0,,448.0,837.0,2025.0,676572.0,Eric Wagaman,batting,383.0,41.0,7.0,138.0,40.0,0.235,0.284,3.0,562.5
542.0,Brandon Sproat,MIL,SP,,,,798.0,449.0,,623.5,,,,,,,,,,,,,
543.0,Gregory Soto,PIT,RP,,,,1225.0,,450.0,837.5,2025.0,642397.0,Gregory Soto,pitching,45.0,3.22,1.21,2.74,10.48,1.0,0.0,23.0,672.0
544.0,Pedro Pages,STL,C,,,,1074.0,,453.0,763.5,2025.0,686780.0,Pedro Pagés,batting,283.0,32.0,9.0,104.0,38.0,0.226,0.271,0.0,600.5
545.0,Nick Sogard,BOS,"1B,2B",,,,696.0,,456.0,576.0,2025.0,686765.0,Nick Sogard,batting,59.0,10.0,0.0,20.0,3.0,0.254,0.323,0.0,1539.5
546.0,Foster Griffin,WSH,RP,,,,1110.0,458.0,,784.0,,,,,,,,,,,,,
547.0,Sam Antonacci,CWS,"2B,3B",,,,938.0,,459.0,698.5,,,,,,,,,,,,,
548.0,Sung-Mun Song,SD,"2B,3B",,,,1068.0,460.0,,764.0,,,,,,,,,,,,,
549.0,Warming Bernabel,WSH,1B,,,,1013.0,,460.0,736.5,2025.0,682653.0,Warming Bernabel,batting,79.0,11.0,4.0,44.0,12.0,0.304,0.329,0.0,1043.0
550.0,Zack Gelof,ATH,2B,,,,1163.0,461.0,,812.0,2025.0,680869.0,Zack Gelof,batting,25.0,3.0,0.0,2.0,1.0,0.08,0.143,0.0,1738.5
551.0,Amed Rosario,NYY,"2B,3B",,,,1219.0,,463.0,841.0,2025.0,642708.0,Amed Rosario,batting,155.0,19.0,5.0,67.0,19.0,0.277,0.315,1.0,880.0
552.0,Jorge Mateo,ATL,"2B,SS,CF",,,,1087.0,,464.0,775.5,2025.0,622761.0,Jorge Mateo,batting,61.0,7.0,1.0,17.0,3.0,0.18,0.231,14.0,1412.5
553.0,Jose Leclerc,,RP,,,,512.0,,465.0,488.5,2025.0,600917.0,José Leclerc,pitching,9.0,6.0,2.0,1.6,8.0,0.0,0.0,1.0,541.0
554.0,JP Sears,SD,SP,,,,1229.0,466.0,,847.5,2025.0,676664.0,JP Sears,pitching,116.0,5.12,1.31,3.37,7.84,7.0,5.0,0.0,896.0
555.0,Masataka Yoshida,BOS,"LF,DH",,,,1190.0,,466.0,828.0,2025.0,807799.0,Masataka Yoshida,batting,81.0,5.0,2.0,31.0,13.0,0.247,0.292,2.0,1155.0
556.0,James McCann,ARI,C,,,,1195.0,,467.0,831.0,2025.0,543510.0,James McCann,batting,70.0,11.0,3.0,28.0,9.0,0.243,0.341,0.0,1169.0
557.0,Nacho Alvarez Jr.,ATL,3B,,,,936.0,,473.0,704.5,2025.0,805373.0,Nacho Alvarez Jr.,batting,70.0,10.0,0.0,21.0,5.0,0.229,0.316,0.0,1498.5
558.0,Christopher Morel,MIA,LF,,,,1146.0,475.0,,810.5,2025.0,666624.0,Christopher Morel,batting,222.0,32.0,9.0,85.0,22.0,0.207,0.273,6.0,731.0
559.0,Carlos Lagrange,NYY,SP,,,,1157.0,,476.0,816.5,,,,,,,,,,,,,
560.0,Bryan De La Cruz,PHI,LF,,,,615.0,,478.0,546.5,2025.0,650559.0,Bryan De La Cruz,batting,47.0,1.0,0.0,10.0,0.0,0.191,0.24,1.0,1754.0
561.0,Nathan Lukes,TOR,"LF,CF,RF",,,,1173.0,480.0,,826.5,2025.0,664770.0,Nathan Lukes,batting,276.0,43.0,10.0,112.0,49.0,0.25,0.332,1.0,491.0
562.0,Jhonkensy Noel,BAL,"1B,RF",,,,783.0,,481.0,632.0,2025.0,678877.0,Jhonkensy Noel,batting,107.0,12.0,2.0,23.0,9.0,0.14,0.162,0.0,1243.0
563.0,Drew Gilbert,SF,"CF,RF",,,,1088.0,,484.0,786.0,2025.0,687551.0,Drew Gilbert,batting,22.0,1.0,1.0,6.0,2.0,0.136,0.136,1.0,1510.0
564.0,Jake Bauers,MIL,"1B,LF,RF",,,,1168.0,,485.0,826.5,2025.0,641343.0,Jake Bauers,batting,127.0,16.0,5.0,45.0,18.0,0.197,0.318,5.0,954.5
565.0,Kyle Freeland,COL,SP,,,,995.0,,486.0,740.5,2025.0,607536.0,Kyle Freeland,pitching,116.0,5.18,1.48,2.67,6.19,3.0,10.0,0.0,931.0
566.0,Dylan Moore,,"1B,2B,3B,LF,RF",,,,1169.0,,488.0,828.5,2025.0,664238.0,Dylan Moore,batting,188.0,28.0,9.0,69.0,19.0,0.197,0.264,12.0,788.0
567.0,Will Benson,CIN,"LF,CF,RF",,,,1238.0,,489.0,863.5,2025.0,666181.0,Will Benson,batting,184.0,26.0,9.0,76.0,32.0,0.223,0.271,2.0,692.0
568.0,Andrew McCutchen,TEX,"RF,DH",,,,886.0,,490.0,688.0,2025.0,457705.0,Andrew McCutchen,batting,378.0,38.0,11.0,141.0,41.0,0.241,0.327,1.0,465.5
569.0,Esteury Ruiz,MIA,"LF,CF",,,,1148.0,,492.0,820.0,2025.0,665923.0,Esteury Ruiz,batting,21.0,2.0,1.0,7.0,2.0,0.19,0.261,4.0,1504.0
570.0,Zac Veen,COL,"LF,RF",,,,1071.0,,494.0,782.5,2025.0,691728.0,Zac Veen,batting,34.0,1.0,1.0,8.0,2.0,0.118,0.189,1.0,1495.0
571.0,Kyle Isbel,KC,CF,,,,1154.0,,495.0,824.5,2025.0,664728.0,Kyle Isbel,batting,300.0,37.0,4.0,114.0,28.0,0.263,0.3,4.0,746.0
572.0,Gary Sanchez,MIL,C,,,,1232.0,,496.0,864.0,2025.0,596142.0,Gary Sánchez,batting,91.0,13.0,5.0,38.0,24.0,0.231,0.297,0.0,929.5
573.0,Luis Torrens,NYM,C,,,,1230.0,,497.0,863.5,2025.0,620443.0,Luis Torrens,batting,206.0,10.0,2.0,62.0,16.0,0.214,0.28,0.0,1033.5
574.0,Connor Wong,BOS,C,,,,1273.0,,498.0,885.5,2025.0,657136.0,Connor Wong,batting,124.0,12.0,0.0,25.0,5.0,0.169,0.239,1.0,1481.5
575.0,Jake Rogers,DET,C,,,,974.0,,499.0,736.5,2025.0,668670.0,Jake Rogers,batting,92.0,12.0,3.0,28.0,14.0,0.163,0.269,0.0,1105.0
576.0,Ben Brown,CHC,"SP,RP",,,,1115.0,,500.0,807.5,2025.0,676962.0,Ben Brown,pitching,99.0,5.91,1.45,3.6,9.82,5.0,4.0,0.0,496.5
,,,,,,,,,,,,,,,,,,,,,,,
,,,,,,,,,,,,,,,,,,,,,,,
